x-axis,1,4
second,Volt,Volt
-7.640000E-06,-35.163316177E-03,+5.722363479E-03
-7.635000E-06,-34.660803620E-03,+7.732413709E-03
-7.630000E-06,-36.670853850E-03,+6.224876037E-03
-7.625000E-06,-37.675878964E-03,+6.224876037E-03
-7.620000E-06,-32.148240833E-03,+5.219850922E-03
-7.615000E-06,-32.650753390E-03,+3.712313250E-03
-7.610000E-06,-33.153265947E-03,+7.229901152E-03
-7.605000E-06,-31.645728275E-03,+3.209800692E-03
-7.600000E-06,-32.148240833E-03,+3.209800692E-03
-7.595000E-06,-27.123115258E-03,+2.204775577E-03
-7.590000E-06,-32.148240833E-03,+3.712313250E-03
-7.585000E-06,-32.148240833E-03,+3.712313250E-03
-7.580000E-06,-30.640703160E-03,+3.712313250E-03
-7.575000E-06,-32.650753390E-03,-307.787210E-06
-7.570000E-06,-29.635678045E-03,+697.237905E-06
-7.565000E-06,-32.148240833E-03,-810.299767E-06
-7.560000E-06,-32.650753390E-03,-1.815324882E-03
-7.555000E-06,-30.138190603E-03,-1.815324882E-03
-7.550000E-06,-30.138190603E-03,-307.787210E-06
-7.545000E-06,-30.640703160E-03,-307.787210E-06
-7.540000E-06,-30.640703160E-03,-307.787210E-06
-7.535000E-06,-27.123115258E-03,+194.725348E-06
-7.530000E-06,-28.630652931E-03,-1.312812325E-03
-7.525000E-06,-24.610552471E-03,-2.820349997E-03
-7.520000E-06,-29.133165488E-03,-2.317837439E-03
-7.515000E-06,-28.630652931E-03,+194.725348E-06
-7.510000E-06,-26.620602701E-03,-2.317837439E-03
-7.505000E-06,-30.138190603E-03,-1.815324882E-03
-7.500000E-06,-26.620602701E-03,-6.840450456E-03
-7.495000E-06,-26.620602701E-03,-5.835425342E-03
-7.490000E-06,-24.610552471E-03,-3.322862554E-03
-7.485000E-06,-27.123115258E-03,-5.332912784E-03
-7.480000E-06,-16.570351552E-03,-4.830400227E-03
-7.475000E-06,-22.600502241E-03,-5.835425342E-03
-7.470000E-06,-25.113065029E-03,-6.337937899E-03
-7.465000E-06,-23.103014799E-03,-9.855525801E-03
-7.460000E-06,-22.600502241E-03,-4.327887669E-03
-7.455000E-06,-22.600502241E-03,-8.850500686E-03
-7.450000E-06,-18.077889225E-03,-6.337937899E-03
-7.445000E-06,-20.087939454E-03,-8.850500686E-03
-7.440000E-06,-23.605527356E-03,-6.840450456E-03
-7.435000E-06,-19.082914339E-03,-8.347988129E-03
-7.430000E-06,-20.590452012E-03,-10.358038358E-03
-7.425000E-06,-17.072864110E-03,-10.358038358E-03
-7.420000E-06,-15.062813880E-03,-14.378138818E-03
-7.415000E-06,-22.097989684E-03,-10.358038358E-03
-7.410000E-06,-13.052763650E-03,-10.860550916E-03
-7.405000E-06,-20.087939454E-03,-12.870601146E-03
-7.400000E-06,-9.032663191E-03,-13.373113703E-03
-7.395000E-06,-16.067838995E-03,-13.875626260E-03
-7.390000E-06,-15.565326437E-03,-10.860550916E-03
-7.385000E-06,-8.027638076E-03,-15.383163933E-03
-7.380000E-06,-14.560301322E-03,-12.870601146E-03
-7.375000E-06,-12.047738535E-03,-12.870601146E-03
-7.370000E-06,-10.540200863E-03,-14.880651375E-03
-7.365000E-06,-10.540200863E-03,-16.388189048E-03
-7.360000E-06,-10.540200863E-03,-17.393214162E-03
-7.355000E-06,-10.037688306E-03,-16.388189048E-03
-7.350000E-06,-9.032663191E-03,-15.885676490E-03
-7.345000E-06,-10.540200863E-03,-20.408289507E-03
-7.340000E-06,-12.550251093E-03,-14.880651375E-03
-7.335000E-06,-10.540200863E-03,-16.388189048E-03
-7.330000E-06,-6.520100404E-03,-17.393214162E-03
-7.325000E-06,-10.037688306E-03,-17.895726720E-03
-7.320000E-06,-8.530150633E-03,-20.910802064E-03
-7.315000E-06,-10.037688306E-03,-17.393214162E-03
-7.310000E-06,-8.530150633E-03,-18.398239277E-03
-7.305000E-06,-8.530150633E-03,-18.398239277E-03
-7.300000E-06,-6.520100404E-03,-20.408289507E-03
-7.295000E-06,-6.520100404E-03,-20.408289507E-03
-7.290000E-06,-10.037688306E-03,-20.910802064E-03
-7.285000E-06,-2.499999944E-03,-18.900751835E-03
-7.280000E-06,-8.530150633E-03,-22.418339737E-03
-7.275000E-06,-6.520100404E-03,-22.418339737E-03
-7.270000E-06,-8.027638076E-03,-25.433415081E-03
-7.265000E-06,-6.520100404E-03,-22.920852294E-03
-7.260000E-06,-4.510050174E-03,-26.940952754E-03
-7.255000E-06,-5.012562731E-03,-28.448490426E-03
-7.250000E-06,-4.007537616E-03,-22.418339737E-03
-7.245000E-06,-4.007537616E-03,-24.930902524E-03
-7.240000E-06,-1.997487387E-03,-27.945977869E-03
-7.235000E-06,-6.017587846E-03,-22.418339737E-03
-7.230000E-06,+1.520100515E-03,-24.930902524E-03
-7.225000E-06,-489.949714E-06,-27.945977869E-03
-7.220000E-06,+1.017587958E-03,-26.438440196E-03
-7.215000E-06,-2.499999944E-03,-29.453515541E-03
-7.210000E-06,-3.002512502E-03,-26.940952754E-03
-7.205000E-06,+1.520100515E-03,-27.945977869E-03
-7.200000E-06,-489.949714E-06,-29.956028098E-03
-7.195000E-06,+3.530150745E-03,-30.458540656E-03
-7.190000E-06,+1.520100515E-03,-30.458540656E-03
-7.185000E-06,+4.032663302E-03,-31.966078328E-03
-7.180000E-06,+1.520100515E-03,-31.966078328E-03
-7.175000E-06,+12.562843E-06,-30.458540656E-03
-7.170000E-06,+12.562843E-06,-30.961053213E-03
-7.165000E-06,+4.032663302E-03,-32.468590885E-03
-7.160000E-06,-489.949714E-06,-26.940952754E-03
-7.155000E-06,+1.520100515E-03,-32.468590885E-03
-7.150000E-06,+3.530150745E-03,-31.966078328E-03
-7.145000E-06,+3.530150745E-03,-34.478641115E-03
-7.140000E-06,+4.535175860E-03,-34.478641115E-03
-7.135000E-06,+7.550251205E-03,-36.488691345E-03
-7.130000E-06,+6.042713532E-03,-35.483666230E-03
-7.125000E-06,+4.032663302E-03,-30.961053213E-03
-7.120000E-06,+11.067839107E-03,-34.478641115E-03
-7.115000E-06,+6.042713532E-03,-33.976128558E-03
-7.110000E-06,+9.560301434E-03,-35.986178787E-03
-7.105000E-06,+8.052763762E-03,-35.986178787E-03
-7.100000E-06,+8.052763762E-03,-36.488691345E-03
-7.095000E-06,+7.550251205E-03,-34.478641115E-03
-7.090000E-06,+9.560301434E-03,-36.991203902E-03
-7.085000E-06,+13.580401894E-03,-35.483666230E-03
-7.080000E-06,+10.062813992E-03,-34.981153673E-03
-7.075000E-06,+12.575376779E-03,-35.986178787E-03
-7.070000E-06,+13.580401894E-03,-36.991203902E-03
-7.065000E-06,+15.087939566E-03,-37.996229017E-03
-7.060000E-06,+16.092964681E-03,-34.478641115E-03
-7.055000E-06,+15.087939566E-03,-37.996229017E-03
-7.050000E-06,+15.590452123E-03,-38.498741575E-03
-7.045000E-06,+15.590452123E-03,-39.503766689E-03
-7.040000E-06,+17.600502353E-03,-36.488691345E-03
-7.035000E-06,+14.082914451E-03,-42.016329477E-03
-7.030000E-06,+18.103014911E-03,-39.001254132E-03
-7.025000E-06,+19.610552583E-03,-40.006279247E-03
-7.020000E-06,+19.610552583E-03,-39.001254132E-03
-7.015000E-06,+15.590452123E-03,-41.011304362E-03
-7.010000E-06,+16.092964681E-03,-41.011304362E-03
-7.005000E-06,+17.097989796E-03,-41.011304362E-03
-7.000000E-06,+19.108040025E-03,-38.498741575E-03
-6.995000E-06,+19.610552583E-03,-44.026379706E-03
-6.990000E-06,+20.615577698E-03,-44.528892264E-03
-6.985000E-06,+20.615577698E-03,-42.518842034E-03
-6.980000E-06,+21.118090255E-03,-43.021354591E-03
-6.975000E-06,+19.610552583E-03,-41.011304362E-03
-6.970000E-06,+18.103014911E-03,-41.513816919E-03
-6.965000E-06,+21.620602813E-03,-44.528892264E-03
-6.960000E-06,+21.118090255E-03,-44.528892264E-03
-6.955000E-06,+20.113065140E-03,-42.016329477E-03
-6.950000E-06,+23.630653042E-03,-48.046480166E-03
-6.945000E-06,+22.625627927E-03,-46.036429936E-03
-6.940000E-06,+25.640703272E-03,-45.031404821E-03
-6.935000E-06,+25.640703272E-03,-44.528892264E-03
-6.930000E-06,+22.123115370E-03,-52.569093183E-03
-6.925000E-06,+23.630653042E-03,-47.041455051E-03
-6.920000E-06,+23.128140485E-03,-49.051505281E-03
-6.915000E-06,+26.143215829E-03,-48.046480166E-03
-6.910000E-06,+27.650753502E-03,-45.031404821E-03
-6.905000E-06,+27.148240944E-03,-50.559042953E-03
-6.900000E-06,+25.138190715E-03,-47.041455051E-03
-6.895000E-06,+31.670853961E-03,-48.548992723E-03
-6.890000E-06,+27.650753502E-03,-47.041455051E-03
-6.885000E-06,+28.655778617E-03,-47.041455051E-03
-6.880000E-06,+27.650753502E-03,-50.559042953E-03
-6.875000E-06,+28.153266059E-03,-48.548992723E-03
-6.870000E-06,+28.153266059E-03,-50.056530396E-03
-6.865000E-06,+29.158291174E-03,-48.548992723E-03
-6.860000E-06,+27.650753502E-03,-48.046480166E-03
-6.855000E-06,+28.153266059E-03,-51.061555510E-03
-6.850000E-06,+32.173366519E-03,-49.554017838E-03
-6.845000E-06,+30.163316289E-03,-49.051505281E-03
-6.840000E-06,+31.670853961E-03,-51.061555510E-03
-6.835000E-06,+31.670853961E-03,-50.559042953E-03
-6.830000E-06,+33.178391634E-03,-54.076630855E-03
-6.825000E-06,+32.173366519E-03,-52.066580625E-03
-6.820000E-06,+33.178391634E-03,-52.569093183E-03
-6.815000E-06,+32.173366519E-03,-53.071605740E-03
-6.810000E-06,+32.173366519E-03,-49.051505281E-03
-6.805000E-06,+34.183416748E-03,-53.071605740E-03
-6.800000E-06,+35.188441863E-03,-50.559042953E-03
-6.795000E-06,+30.163316289E-03,-52.569093183E-03
-6.790000E-06,+36.193466978E-03,-53.071605740E-03
-6.785000E-06,+36.193466978E-03,-54.076630855E-03
-6.780000E-06,+35.188441863E-03,-54.579143412E-03
-6.775000E-06,+32.173366519E-03,-56.589193642E-03
-6.770000E-06,+34.685929306E-03,-53.071605740E-03
-6.765000E-06,+36.193466978E-03,-58.599243872E-03
-6.760000E-06,+38.203517208E-03,-51.061555510E-03
-6.755000E-06,+34.183416748E-03,-52.569093183E-03
-6.750000E-06,+37.198492093E-03,-58.096731314E-03
-6.745000E-06,+36.193466978E-03,-54.076630855E-03
-6.740000E-06,+37.701004650E-03,-56.589193642E-03
-6.735000E-06,+37.701004650E-03,-57.594218757E-03
-6.730000E-06,+39.208542323E-03,-58.599243872E-03
-6.725000E-06,+39.711054880E-03,-56.589193642E-03
-6.720000E-06,+39.711054880E-03,-56.086681085E-03
-6.715000E-06,+44.233667897E-03,-56.086681085E-03
-6.710000E-06,+43.228642782E-03,-58.096731314E-03
-6.705000E-06,+42.223617667E-03,-56.086681085E-03
-6.700000E-06,+41.721105110E-03,-60.106781544E-03
-6.695000E-06,+42.223617667E-03,-58.599243872E-03
-6.690000E-06,+41.721105110E-03,-58.599243872E-03
-6.685000E-06,+45.238693012E-03,-57.091706200E-03
-6.680000E-06,+43.731155340E-03,-55.081655970E-03
-6.675000E-06,+46.243718127E-03,-62.116831774E-03
-6.670000E-06,+46.243718127E-03,-60.106781544E-03
-6.665000E-06,+46.243718127E-03,-58.599243872E-03
-6.660000E-06,+45.741205569E-03,-61.111806659E-03
-6.655000E-06,+45.741205569E-03,-60.609294102E-03
-6.650000E-06,+46.243718127E-03,-58.599243872E-03
-6.645000E-06,+47.248743242E-03,-59.604268987E-03
-6.640000E-06,+47.751255799E-03,-54.579143412E-03
-6.635000E-06,+43.731155340E-03,-60.106781544E-03
-6.630000E-06,+46.243718127E-03,-56.589193642E-03
-6.625000E-06,+44.233667897E-03,-60.609294102E-03
-6.620000E-06,+45.741205569E-03,-59.101756429E-03
-6.615000E-06,+47.751255799E-03,-62.619344331E-03
-6.610000E-06,+42.726130225E-03,-59.101756429E-03
-6.605000E-06,+49.761306029E-03,-64.126882004E-03
-6.600000E-06,+47.248743242E-03,-60.609294102E-03
-6.595000E-06,+49.761306029E-03,-62.116831774E-03
-6.590000E-06,+47.751255799E-03,-61.614319217E-03
-6.585000E-06,+53.781406488E-03,-60.609294102E-03
-6.580000E-06,+48.253768356E-03,-64.126882004E-03
-6.575000E-06,+49.258793471E-03,-60.609294102E-03
-6.570000E-06,+48.253768356E-03,-60.609294102E-03
-6.565000E-06,+51.771356259E-03,-60.609294102E-03
-6.560000E-06,+53.278893931E-03,-64.126882004E-03
-6.555000E-06,+51.771356259E-03,-60.106781544E-03
-6.550000E-06,+51.771356259E-03,-62.116831774E-03
-6.545000E-06,+53.781406488E-03,-62.116831774E-03
-6.540000E-06,+58.304019505E-03,-62.619344331E-03
-6.535000E-06,+51.771356259E-03,-64.629394561E-03
-6.530000E-06,+50.263818586E-03,-64.629394561E-03
-6.525000E-06,+51.771356259E-03,-64.629394561E-03
-6.520000E-06,+56.293969275E-03,-62.619344331E-03
-6.515000E-06,+52.273868816E-03,-62.619344331E-03
-6.510000E-06,+55.791456718E-03,-64.126882004E-03
-6.505000E-06,+57.298994390E-03,-64.629394561E-03
-6.500000E-06,+51.771356259E-03,-59.604268987E-03
-6.495000E-06,+55.288944161E-03,-63.121856889E-03
-6.490000E-06,+53.781406488E-03,-67.141957348E-03
-6.485000E-06,+57.298994390E-03,-64.629394561E-03
-6.480000E-06,+57.801506948E-03,-64.629394561E-03
-6.475000E-06,+53.781406488E-03,-63.121856889E-03
-6.470000E-06,+55.791456718E-03,-64.126882004E-03
-6.465000E-06,+57.298994390E-03,-66.136932233E-03
-6.460000E-06,+59.309044620E-03,-63.121856889E-03
-6.455000E-06,+57.801506948E-03,-64.629394561E-03
-6.450000E-06,+58.304019505E-03,-65.634419676E-03
-6.445000E-06,+56.293969275E-03,-65.131907118E-03
-6.440000E-06,+57.298994390E-03,-65.131907118E-03
-6.435000E-06,+59.309044620E-03,-63.121856889E-03
-6.430000E-06,+59.811557177E-03,-66.136932233E-03
-6.425000E-06,+58.304019505E-03,-66.639444791E-03
-6.420000E-06,+55.791456718E-03,-63.121856889E-03
-6.415000E-06,+57.298994390E-03,-63.121856889E-03
-6.410000E-06,+58.806532063E-03,-61.111806659E-03
-6.405000E-06,+55.791456718E-03,-68.146982463E-03
-6.400000E-06,+61.319094850E-03,-64.629394561E-03
-6.395000E-06,+56.293969275E-03,-64.629394561E-03
-6.390000E-06,+57.298994390E-03,-66.136932233E-03
-6.385000E-06,+62.826632522E-03,-62.619344331E-03
-6.380000E-06,+61.319094850E-03,-66.639444791E-03
-6.375000E-06,+61.821607407E-03,-65.131907118E-03
-6.370000E-06,+61.821607407E-03,-64.629394561E-03
-6.365000E-06,+61.821607407E-03,-67.141957348E-03
-6.360000E-06,+59.811557177E-03,-64.629394561E-03
-6.355000E-06,+59.811557177E-03,-66.639444791E-03
-6.350000E-06,+57.801506948E-03,-66.639444791E-03
-6.345000E-06,+62.324119965E-03,-64.629394561E-03
-6.340000E-06,+57.801506948E-03,-66.639444791E-03
-6.335000E-06,+57.801506948E-03,-64.629394561E-03
-6.330000E-06,+58.304019505E-03,-65.131907118E-03
-6.325000E-06,+59.309044620E-03,-65.131907118E-03
-6.320000E-06,+59.309044620E-03,-66.136932233E-03
-6.315000E-06,+61.821607407E-03,-64.126882004E-03
-6.310000E-06,+59.309044620E-03,-68.649495021E-03
-6.305000E-06,+60.314069735E-03,-66.136932233E-03
-6.300000E-06,+59.811557177E-03,-66.639444791E-03
-6.295000E-06,+59.811557177E-03,-66.639444791E-03
-6.290000E-06,+58.304019505E-03,-69.152007578E-03
-6.285000E-06,+61.319094850E-03,-63.121856889E-03
-6.280000E-06,+63.831657637E-03,-64.629394561E-03
-6.275000E-06,+63.329145080E-03,-64.629394561E-03
-6.270000E-06,+61.821607407E-03,-68.146982463E-03
-6.265000E-06,+60.816582292E-03,-66.136932233E-03
-6.260000E-06,+63.831657637E-03,-68.146982463E-03
-6.255000E-06,+63.831657637E-03,-65.131907118E-03
-6.250000E-06,+63.831657637E-03,-64.629394561E-03
-6.245000E-06,+64.334170194E-03,-62.619344331E-03
-6.240000E-06,+65.841707867E-03,-64.629394561E-03
-6.235000E-06,+65.841707867E-03,-68.649495021E-03
-6.230000E-06,+66.344220424E-03,-66.639444791E-03
-6.225000E-06,+67.851758096E-03,-64.126882004E-03
-6.220000E-06,+68.354270654E-03,-66.639444791E-03
-6.215000E-06,+68.354270654E-03,-64.629394561E-03
-6.210000E-06,+69.861808326E-03,-65.131907118E-03
-6.205000E-06,+68.354270654E-03,-61.614319216E-03
-6.200000E-06,+69.359295769E-03,-65.634419676E-03
-6.195000E-06,+71.871858556E-03,-64.629394561E-03
-6.190000E-06,+67.851758096E-03,-63.121856889E-03
-6.185000E-06,+66.344220424E-03,-64.629394561E-03
-6.180000E-06,+69.861808326E-03,-64.126882004E-03
-6.175000E-06,+65.841707867E-03,-63.121856889E-03
-6.170000E-06,+70.866833441E-03,-63.624369446E-03
-6.165000E-06,+71.369345998E-03,-63.121856889E-03
-6.160000E-06,+71.871858556E-03,-66.136932233E-03
-6.155000E-06,+67.851758096E-03,-64.629394561E-03
-6.150000E-06,+65.841707867E-03,-64.629394561E-03
-6.145000E-06,+64.334170194E-03,-64.629394561E-03
-6.140000E-06,+68.354270654E-03,-61.111806659E-03
-6.135000E-06,+65.841707867E-03,-62.619344331E-03
-6.130000E-06,+67.851758096E-03,-67.141957348E-03
-6.125000E-06,+66.344220424E-03,-63.121856889E-03
-6.120000E-06,+65.339195309E-03,-63.121856889E-03
-6.115000E-06,+67.851758096E-03,-62.116831774E-03
-6.110000E-06,+67.349245539E-03,-65.131907118E-03
-6.105000E-06,+65.841707867E-03,-62.619344331E-03
-6.100000E-06,+67.349245539E-03,-65.131907118E-03
-6.095000E-06,+65.841707867E-03,-64.629394561E-03
-6.090000E-06,+61.821607407E-03,-63.121856889E-03
-6.085000E-06,+64.334170194E-03,-64.126882004E-03
-6.080000E-06,+61.821607407E-03,-61.111806659E-03
-6.075000E-06,+61.821607407E-03,-64.126882004E-03
-6.070000E-06,+65.841707867E-03,-62.619344331E-03
-6.065000E-06,+63.831657637E-03,-64.126882004E-03
-6.060000E-06,+64.836682752E-03,-66.639444791E-03
-6.055000E-06,+64.836682752E-03,-64.629394561E-03
-6.050000E-06,+63.831657637E-03,-63.121856889E-03
-6.045000E-06,+61.821607407E-03,-59.604268987E-03
-6.040000E-06,+63.329145080E-03,-62.116831774E-03
-6.035000E-06,+66.344220424E-03,-58.096731314E-03
-6.030000E-06,+67.851758096E-03,-62.116831774E-03
-6.025000E-06,+67.851758096E-03,-64.126882004E-03
-6.020000E-06,+65.841707867E-03,-61.111806659E-03
-6.015000E-06,+67.851758096E-03,-58.599243872E-03
-6.010000E-06,+64.836682752E-03,-59.604268987E-03
-6.005000E-06,+65.841707867E-03,-61.111806659E-03
-6.000000E-06,+65.841707867E-03,-60.609294102E-03
-5.995000E-06,+63.831657637E-03,-60.609294102E-03
-5.990000E-06,+67.349245539E-03,-58.599243872E-03
-5.985000E-06,+69.861808326E-03,-62.116831774E-03
-5.980000E-06,+71.871858556E-03,-58.599243872E-03
-5.975000E-06,+69.861808326E-03,-60.609294102E-03
-5.970000E-06,+66.344220424E-03,-58.599243872E-03
-5.965000E-06,+65.339195309E-03,-62.116831774E-03
-5.960000E-06,+68.856783211E-03,-58.599243872E-03
-5.955000E-06,+67.851758096E-03,-59.101756429E-03
-5.950000E-06,+66.344220424E-03,-56.589193642E-03
-5.945000E-06,+66.344220424E-03,-59.101756429E-03
-5.940000E-06,+67.851758096E-03,-60.609294102E-03
-5.935000E-06,+67.851758096E-03,-59.101756429E-03
-5.930000E-06,+66.344220424E-03,-59.101756429E-03
-5.925000E-06,+67.851758096E-03,-59.101756429E-03
-5.920000E-06,+65.841707867E-03,-58.096731314E-03
-5.915000E-06,+65.841707867E-03,-60.106781544E-03
-5.910000E-06,+66.344220424E-03,-56.086681085E-03
-5.905000E-06,+66.344220424E-03,-58.599243872E-03
-5.900000E-06,+68.354270654E-03,-58.599243872E-03
-5.895000E-06,+69.861808326E-03,-55.081655970E-03
-5.890000E-06,+61.821607407E-03,-59.604268987E-03
-5.885000E-06,+70.866833441E-03,-53.071605740E-03
-5.880000E-06,+59.309044620E-03,-62.619344331E-03
-5.875000E-06,+67.851758096E-03,-52.569093183E-03
-5.870000E-06,+62.324119965E-03,-62.619344331E-03
-5.865000E-06,+69.359295769E-03,-51.061555510E-03
-5.860000E-06,+64.334170194E-03,-59.101756429E-03
-5.855000E-06,+67.349245539E-03,-53.071605740E-03
-5.850000E-06,+65.841707867E-03,-59.101756429E-03
-5.845000E-06,+65.841707867E-03,-51.061555510E-03
-5.840000E-06,+69.861808326E-03,-54.076630855E-03
-5.835000E-06,+63.831657637E-03,-49.051505281E-03
-5.830000E-06,+69.861808326E-03,-56.086681085E-03
-5.825000E-06,+64.334170194E-03,-52.569093183E-03
-5.820000E-06,+66.846732981E-03,-53.071605740E-03
-5.815000E-06,+65.841707867E-03,-55.584168527E-03
-5.810000E-06,+63.831657637E-03,-53.071605740E-03
-5.805000E-06,+66.344220424E-03,-53.574118297E-03
-5.800000E-06,+66.846732982E-03,-52.569093183E-03
-5.795000E-06,+67.349245539E-03,-53.071605740E-03
-5.790000E-06,+62.826632522E-03,-54.076630855E-03
-5.785000E-06,+63.831657637E-03,-50.559042953E-03
-5.780000E-06,+64.334170194E-03,-57.594218757E-03
-5.775000E-06,+65.339195309E-03,-48.548992723E-03
-5.770000E-06,+68.354270654E-03,-54.579143412E-03
-5.765000E-06,+65.841707867E-03,-50.056530396E-03
-5.760000E-06,+64.334170194E-03,-48.548992723E-03
-5.755000E-06,+67.349245539E-03,-50.559042953E-03
-5.750000E-06,+63.329145080E-03,-52.066580625E-03
-5.745000E-06,+65.339195309E-03,-48.548992723E-03
-5.740000E-06,+67.349245539E-03,-47.041455051E-03
-5.735000E-06,+59.811557177E-03,-54.076630855E-03
-5.730000E-06,+64.334170194E-03,-47.041455051E-03
-5.725000E-06,+64.836682752E-03,-52.569093183E-03
-5.720000E-06,+63.831657637E-03,-46.538942493E-03
-5.715000E-06,+63.329145080E-03,-48.548992723E-03
-5.710000E-06,+63.831657637E-03,-50.056530396E-03
-5.705000E-06,+59.811557177E-03,-48.046480166E-03
-5.700000E-06,+63.329145080E-03,-44.528892264E-03
-5.695000E-06,+59.811557177E-03,-46.538942493E-03
-5.690000E-06,+58.304019505E-03,-44.528892264E-03
-5.685000E-06,+56.796481833E-03,-45.031404821E-03
-5.680000E-06,+63.831657637E-03,-40.508791804E-03
-5.675000E-06,+54.283919046E-03,-48.548992723E-03
-5.670000E-06,+62.324119965E-03,-44.528892264E-03
-5.665000E-06,+59.309044620E-03,-46.538942493E-03
-5.660000E-06,+59.309044620E-03,-43.021354591E-03
-5.655000E-06,+59.309044620E-03,-46.538942493E-03
-5.650000E-06,+56.293969275E-03,-43.523867149E-03
-5.645000E-06,+60.314069735E-03,-44.528892264E-03
-5.640000E-06,+59.309044620E-03,-39.001254132E-03
-5.635000E-06,+60.314069735E-03,-46.036429936E-03
-5.630000E-06,+59.309044620E-03,-42.518842034E-03
-5.625000E-06,+62.324119965E-03,-46.036429936E-03
-5.620000E-06,+57.801506948E-03,-41.011304362E-03
-5.615000E-06,+59.309044620E-03,-42.016329477E-03
-5.610000E-06,+58.304019505E-03,-43.021354591E-03
-5.605000E-06,+59.811557177E-03,-38.498741575E-03
-5.600000E-06,+59.309044620E-03,-41.011304362E-03
-5.595000E-06,+59.811557177E-03,-38.498741575E-03
-5.590000E-06,+55.288944161E-03,-42.518842034E-03
-5.585000E-06,+60.314069735E-03,-38.498741575E-03
-5.580000E-06,+56.796481833E-03,-44.528892264E-03
-5.575000E-06,+59.309044620E-03,-37.996229017E-03
-5.570000E-06,+53.781406488E-03,-39.001254132E-03
-5.565000E-06,+55.791456718E-03,-35.483666230E-03
-5.560000E-06,+53.781406488E-03,-35.986178788E-03
-5.555000E-06,+50.766331144E-03,-34.478641115E-03
-5.550000E-06,+55.288944161E-03,-39.503766690E-03
-5.545000E-06,+50.766331144E-03,-37.996229017E-03
-5.540000E-06,+55.791456718E-03,-36.488691345E-03
-5.535000E-06,+50.263818586E-03,-38.498741575E-03
-5.530000E-06,+52.273868816E-03,-32.971103443E-03
-5.525000E-06,+49.761306029E-03,-36.991203902E-03
-5.520000E-06,+48.253768356E-03,-33.473616000E-03
-5.515000E-06,+51.771356259E-03,-35.986178788E-03
-5.510000E-06,+50.263818586E-03,-32.971103443E-03
-5.505000E-06,+52.273868816E-03,-34.478641115E-03
-5.500000E-06,+50.263818586E-03,-36.488691345E-03
-5.495000E-06,+52.273868816E-03,-34.478641115E-03
-5.490000E-06,+51.771356259E-03,-36.488691345E-03
-5.485000E-06,+50.263818586E-03,-32.971103443E-03
-5.480000E-06,+51.771356259E-03,-32.468590885E-03
-5.475000E-06,+50.263818586E-03,-34.478641115E-03
-5.470000E-06,+51.268843701E-03,-33.976128558E-03
-5.465000E-06,+49.761306029E-03,-33.473616000E-03
-5.460000E-06,+51.268843701E-03,-32.971103443E-03
-5.455000E-06,+51.771356259E-03,-32.468590885E-03
-5.450000E-06,+51.771356259E-03,-32.971103443E-03
-5.445000E-06,+51.771356259E-03,-30.961053213E-03
-5.440000E-06,+48.253768356E-03,-31.966078328E-03
-5.435000E-06,+51.268843701E-03,-24.428389966E-03
-5.430000E-06,+51.771356259E-03,-27.945977869E-03
-5.425000E-06,+47.751255799E-03,-29.956028098E-03
-5.420000E-06,+51.771356259E-03,-28.448490426E-03
-5.415000E-06,+49.761306029E-03,-29.956028098E-03
-5.410000E-06,+51.771356259E-03,-27.443465311E-03
-5.405000E-06,+47.751255799E-03,-30.458540656E-03
-5.400000E-06,+51.268843701E-03,-24.930902524E-03
-5.395000E-06,+49.258793471E-03,-26.940952754E-03
-5.390000E-06,+46.243718127E-03,-27.945977869E-03
-5.385000E-06,+49.761306029E-03,-28.448490426E-03
-5.380000E-06,+46.243718127E-03,-22.920852294E-03
-5.375000E-06,+47.751255799E-03,-24.428389966E-03
-5.370000E-06,+48.756280914E-03,-24.428389966E-03
-5.365000E-06,+48.253768356E-03,-24.930902524E-03
-5.360000E-06,+43.228642782E-03,-22.920852294E-03
-5.355000E-06,+46.243718127E-03,-20.408289507E-03
-5.350000E-06,+47.248743242E-03,-24.428389966E-03
-5.345000E-06,+44.233667897E-03,-23.925877409E-03
-5.340000E-06,+44.233667897E-03,-22.920852294E-03
-5.335000E-06,+44.736180455E-03,-25.935927639E-03
-5.330000E-06,+40.213567438E-03,-22.418339737E-03
-5.325000E-06,+42.223617667E-03,-20.910802064E-03
-5.320000E-06,+39.711054880E-03,-18.900751835E-03
-5.315000E-06,+43.228642782E-03,-16.388189048E-03
-5.310000E-06,+39.711054880E-03,-23.925877409E-03
-5.305000E-06,+40.213567438E-03,-17.393214162E-03
-5.300000E-06,+39.711054880E-03,-19.403264392E-03
-5.295000E-06,+43.731155340E-03,-16.890701605E-03
-5.290000E-06,+41.721105110E-03,-20.408289507E-03
-5.285000E-06,+41.721105110E-03,-16.388189048E-03
-5.280000E-06,+43.228642782E-03,-20.910802064E-03
-5.275000E-06,+43.731155340E-03,-13.875626261E-03
-5.270000E-06,+41.218592553E-03,-17.895726720E-03
-5.265000E-06,+41.218592553E-03,-15.885676490E-03
-5.260000E-06,+41.721105110E-03,-18.398239277E-03
-5.255000E-06,+38.203517208E-03,-15.383163933E-03
-5.250000E-06,+38.706029765E-03,-12.870601145E-03
-5.245000E-06,+39.208542323E-03,-14.880651375E-03
-5.240000E-06,+40.213567438E-03,-12.870601145E-03
-5.235000E-06,+39.711054880E-03,-15.885676490E-03
-5.230000E-06,+41.721105110E-03,-11.865576031E-03
-5.225000E-06,+39.208542323E-03,-16.388189048E-03
-5.220000E-06,+38.203517208E-03,-12.368088588E-03
-5.215000E-06,+35.188441863E-03,-12.870601145E-03
-5.210000E-06,+40.213567438E-03,-8.850500686E-03
-5.205000E-06,+39.208542323E-03,-10.358038358E-03
-5.200000E-06,+33.178391634E-03,-10.358038358E-03
-5.195000E-06,+37.701004650E-03,-11.865576031E-03
-5.190000E-06,+34.183416748E-03,-11.865576031E-03
-5.185000E-06,+33.680904191E-03,-10.358038358E-03
-5.180000E-06,+32.173366519E-03,-10.860550916E-03
-5.175000E-06,+31.670853961E-03,-8.850500686E-03
-5.170000E-06,+28.153266059E-03,-6.840450456E-03
-5.165000E-06,+32.173366519E-03,-8.850500686E-03
-5.160000E-06,+31.670853961E-03,-10.358038358E-03
-5.155000E-06,+28.655778616E-03,-5.835425342E-03
-5.150000E-06,+25.640703272E-03,-4.327887669E-03
-5.145000E-06,+29.660803732E-03,-8.850500686E-03
-5.140000E-06,+26.143215829E-03,-10.358038358E-03
-5.135000E-06,+25.138190715E-03,-10.358038358E-03
-5.130000E-06,+26.143215829E-03,-2.820349997E-03
-5.125000E-06,+23.630653042E-03,-810.299767E-06
-5.120000E-06,+25.138190715E-03,-4.327887669E-03
-5.115000E-06,+22.123115370E-03,-2.820349997E-03
-5.110000E-06,+24.133165600E-03,-3.825375112E-03
-5.105000E-06,+23.630653042E-03,-6.337937899E-03
-5.100000E-06,+23.630653042E-03,-2.317837439E-03
-5.095000E-06,+25.138190715E-03,-2.820349997E-03
-5.090000E-06,+21.620602813E-03,-2.317837439E-03
-5.085000E-06,+20.615577698E-03,-810.299767E-06
-5.080000E-06,+23.630653042E-03,-2.317837439E-03
-5.075000E-06,+25.138190715E-03,-1.815324882E-03
-5.070000E-06,+23.128140485E-03,-1.815324882E-03
-5.065000E-06,+23.630653042E-03,-3.322862555E-03
-5.060000E-06,+25.138190715E-03,+3.712313250E-03
-5.055000E-06,+23.630653042E-03,+194.725348E-06
-5.050000E-06,+25.640703272E-03,-2.317837439E-03
-5.045000E-06,+23.630653042E-03,+3.209800692E-03
-5.040000E-06,+23.128140485E-03,+2.707288135E-03
-5.035000E-06,+23.630653042E-03,+4.214825807E-03
-5.030000E-06,+23.128140485E-03,+3.712313250E-03
-5.025000E-06,+22.123115370E-03,+1.702263020E-03
-5.020000E-06,+23.630653042E-03,+5.219850922E-03
-5.015000E-06,+21.118090255E-03,+3.209800692E-03
-5.010000E-06,+18.103014910E-03,+5.219850922E-03
-5.005000E-06,+19.610552583E-03,+3.209800692E-03
-5.000000E-06,+19.610552583E-03,+6.727388594E-03
-4.995000E-06,+19.610552583E-03,+5.722363479E-03
-4.990000E-06,+16.092964681E-03,+3.712313250E-03
-4.985000E-06,+14.082914451E-03,+7.229901152E-03
-4.980000E-06,+15.590452123E-03,+7.229901152E-03
-4.975000E-06,+16.092964681E-03,+7.732413709E-03
-4.970000E-06,+15.590452123E-03,+8.737438824E-03
-4.965000E-06,+14.585427008E-03,+11.250001611E-03
-4.960000E-06,+19.108040026E-03,+7.732413709E-03
-4.955000E-06,+15.087939566E-03,+10.244976496E-03
-4.950000E-06,+13.580401894E-03,+9.742463939E-03
-4.945000E-06,+13.580401894E-03,+9.742463939E-03
-4.940000E-06,+12.072864221E-03,+11.250001611E-03
-4.935000E-06,+15.087939566E-03,+9.742463939E-03
-4.930000E-06,+12.072864221E-03,+9.239951382E-03
-4.925000E-06,+10.062813992E-03,+9.742463939E-03
-4.920000E-06,+9.560301434E-03,+9.742463939E-03
-4.915000E-06,+12.072864221E-03,+10.244976496E-03
-4.910000E-06,+9.560301434E-03,+11.250001611E-03
-4.905000E-06,+9.560301434E-03,+11.250001611E-03
-4.900000E-06,+9.560301434E-03,+11.752514169E-03
-4.895000E-06,+8.052763762E-03,+13.260051841E-03
-4.890000E-06,+12.072864221E-03,+13.260051841E-03
-4.885000E-06,+7.550251205E-03,+13.762564398E-03
-4.880000E-06,+7.550251205E-03,+11.752514169E-03
-4.875000E-06,+7.047738647E-03,+14.767589513E-03
-4.870000E-06,+7.550251205E-03,+11.752514169E-03
-4.865000E-06,+9.057788877E-03,+14.265076956E-03
-4.860000E-06,+7.550251205E-03,+19.792715088E-03
-4.855000E-06,+9.057788877E-03,+17.280152300E-03
-4.850000E-06,+7.550251205E-03,+16.275127185E-03
-4.845000E-06,+3.530150745E-03,+19.290202530E-03
-4.840000E-06,+3.530150745E-03,+19.290202530E-03
-4.835000E-06,+5.037688417E-03,+21.802765317E-03
-4.830000E-06,+5.540200975E-03,+16.275127185E-03
-4.825000E-06,+5.540200975E-03,+19.792715088E-03
-4.820000E-06,+4.032663302E-03,+17.782664858E-03
-4.815000E-06,+6.042713533E-03,+21.300252760E-03
-4.810000E-06,+2.022613073E-03,+21.802765317E-03
-4.805000E-06,+3.027638188E-03,+22.305277875E-03
-4.800000E-06,+9.560301434E-03,+18.285177415E-03
-4.795000E-06,-489.949714E-06,+21.300252760E-03
-4.790000E-06,+6.042713532E-03,+22.305277875E-03
-4.785000E-06,-3.505025059E-03,+13.762564398E-03
-4.780000E-06,+3.027638188E-03,+28.335428564E-03
-4.775000E-06,+1.520100515E-03,+21.300252760E-03
-4.770000E-06,+515.075401E-06,+27.330403449E-03
-4.765000E-06,+2.022613073E-03,+24.315328104E-03
-4.760000E-06,-3.002512501E-03,+25.822865777E-03
-4.755000E-06,+12.562843E-06,+24.315328104E-03
-4.750000E-06,-992.462272E-06,+25.822865777E-03
-4.745000E-06,+5.037688417E-03,+27.832916006E-03
-4.740000E-06,-5.515075289E-03,+23.310302990E-03
-4.735000E-06,-1.494974829E-03,+27.832916006E-03
-4.730000E-06,-4.007537617E-03,+27.330403449E-03
-4.725000E-06,-4.510050174E-03,+29.842966236E-03
-4.720000E-06,-6.017587846E-03,+26.325378334E-03
-4.715000E-06,-3.002512501E-03,+26.325378334E-03
-4.710000E-06,-6.520100404E-03,+28.335428564E-03
-4.705000E-06,-6.520100404E-03,+25.822865777E-03
-4.700000E-06,-8.027638076E-03,+31.350503909E-03
-4.695000E-06,-6.017587846E-03,+29.842966236E-03
-4.690000E-06,-6.520100404E-03,+29.842966236E-03
-4.685000E-06,-8.027638076E-03,+32.858041581E-03
-4.680000E-06,-7.022612961E-03,+30.345478793E-03
-4.675000E-06,-8.530150633E-03,+32.355529023E-03
-4.670000E-06,-9.032663191E-03,+27.832916006E-03
-4.665000E-06,-6.520100404E-03,+29.842966236E-03
-4.660000E-06,-11.042713420E-03,+33.360554138E-03
-4.655000E-06,-7.022612961E-03,+32.355529023E-03
-4.650000E-06,-12.047738535E-03,+31.350503909E-03
-4.645000E-06,-12.047738535E-03,+35.873116925E-03
-4.640000E-06,-12.550251093E-03,+32.355529023E-03
-4.635000E-06,-14.057788765E-03,+32.355529023E-03
-4.630000E-06,-10.540200863E-03,+37.883167155E-03
-4.625000E-06,-10.540200863E-03,+30.345478793E-03
-4.620000E-06,-14.560301322E-03,+33.863066696E-03
-4.615000E-06,-12.550251093E-03,+33.863066696E-03
-4.610000E-06,-16.067838995E-03,+37.380654598E-03
-4.605000E-06,-12.047738535E-03,+34.868091810E-03
-4.600000E-06,-14.560301322E-03,+31.853016466E-03
-4.595000E-06,-9.535175748E-03,+38.385679712E-03
-4.590000E-06,-17.072864110E-03,+31.853016466E-03
-4.585000E-06,-13.555276208E-03,+37.883167155E-03
-4.580000E-06,-15.062813880E-03,+37.883167155E-03
-4.575000E-06,-14.560301322E-03,+42.405780172E-03
-4.570000E-06,-14.057788765E-03,+33.863066696E-03
-4.565000E-06,-17.072864110E-03,+41.903267615E-03
-4.560000E-06,-16.570351552E-03,+35.370604368E-03
-4.555000E-06,-14.560301322E-03,+44.415830402E-03
-4.550000E-06,-18.580401782E-03,+37.883167155E-03
-4.545000E-06,-14.560301322E-03,+41.903267615E-03
-4.540000E-06,-20.087939454E-03,+37.883167155E-03
-4.535000E-06,-21.092964569E-03,+41.903267615E-03
-4.530000E-06,-20.087939454E-03,+37.380654598E-03
-4.525000E-06,-24.108039914E-03,+39.893217385E-03
-4.520000E-06,-18.580401782E-03,+43.410805287E-03
-4.515000E-06,-23.103014799E-03,+42.405780172E-03
-4.510000E-06,-24.610552471E-03,+44.415830402E-03
-4.505000E-06,-22.600502241E-03,+41.903267615E-03
-4.500000E-06,-24.610552471E-03,+43.913317844E-03
-4.495000E-06,-23.103014799E-03,+41.903267615E-03
-4.490000E-06,-24.108039914E-03,+44.918342959E-03
-4.485000E-06,-26.620602701E-03,+43.913317844E-03
-4.480000E-06,-27.123115258E-03,+43.410805287E-03
-4.475000E-06,-24.610552471E-03,+45.923368074E-03
-4.470000E-06,-28.630652931E-03,+45.923368074E-03
-4.465000E-06,-26.118090144E-03,+44.415830402E-03
-4.460000E-06,-30.640703160E-03,+46.425880631E-03
-4.455000E-06,-25.113065028E-03,+43.913317844E-03
-4.450000E-06,-27.625627816E-03,+43.410805287E-03
-4.445000E-06,-28.630652931E-03,+45.420855517E-03
-4.440000E-06,-27.123115258E-03,+47.430905746E-03
-4.435000E-06,-28.630652931E-03,+46.425880631E-03
-4.430000E-06,-27.123115258E-03,+47.430905746E-03
-4.425000E-06,-30.640703160E-03,+45.923368074E-03
-4.420000E-06,-30.640703160E-03,+46.425880631E-03
-4.415000E-06,-32.650753390E-03,+46.928393189E-03
-4.410000E-06,-30.138190603E-03,+49.440955976E-03
-4.405000E-06,-30.640703160E-03,+49.440955976E-03
-4.400000E-06,-29.133165488E-03,+49.440955976E-03
-4.395000E-06,-34.660803620E-03,+47.430905746E-03
-4.390000E-06,-32.650753390E-03,+49.943468533E-03
-4.385000E-06,-30.640703160E-03,+51.953518763E-03
-4.380000E-06,-32.148240833E-03,+49.943468533E-03
-4.375000E-06,-30.640703160E-03,+49.943468533E-03
-4.370000E-06,-34.158291062E-03,+49.440955976E-03
-4.365000E-06,-34.660803620E-03,+49.440955976E-03
-4.360000E-06,-32.650753390E-03,+51.953518763E-03
-4.355000E-06,-36.670853850E-03,+50.445981091E-03
-4.350000E-06,-34.660803620E-03,+50.445981091E-03
-4.345000E-06,-33.153265947E-03,+51.451006206E-03
-4.340000E-06,-38.178391522E-03,+51.953518763E-03
-4.335000E-06,-36.168341292E-03,+54.466081550E-03
-4.330000E-06,-36.670853850E-03,+49.440955976E-03
-4.325000E-06,-34.660803620E-03,+55.973619223E-03
-4.320000E-06,-38.680904079E-03,+52.456031320E-03
-4.315000E-06,-36.168341292E-03,+53.963568993E-03
-4.310000E-06,-35.163316177E-03,+55.471106665E-03
-4.305000E-06,-37.675878965E-03,+54.466081550E-03
-4.300000E-06,-37.173366407E-03,+57.481156895E-03
-4.295000E-06,-38.178391522E-03,+55.471106665E-03
-4.290000E-06,-40.690954309E-03,+57.983669452E-03
-4.285000E-06,-37.173366407E-03,+53.461056436E-03
-4.280000E-06,-38.680904079E-03,+55.471106665E-03
-4.275000E-06,-34.660803620E-03,+55.973619223E-03
-4.270000E-06,-38.680904079E-03,+52.456031320E-03
-4.265000E-06,-40.188441752E-03,+57.983669452E-03
-4.260000E-06,-40.188441752E-03,+53.963568993E-03
-4.255000E-06,-40.188441752E-03,+55.973619223E-03
-4.250000E-06,-42.198491981E-03,+57.481156895E-03
-4.245000E-06,-37.173366407E-03,+61.501257355E-03
-4.240000E-06,-40.690954309E-03,+59.491207125E-03
-4.235000E-06,-40.188441752E-03,+57.983669452E-03
-4.230000E-06,-38.680904079E-03,+58.486182010E-03
-4.225000E-06,-42.198491981E-03,+57.983669452E-03
-4.220000E-06,-41.193466866E-03,+57.481156895E-03
-4.215000E-06,-42.701004539E-03,+61.501257355E-03
-4.210000E-06,-44.711054768E-03,+59.993719682E-03
-4.205000E-06,-43.203517096E-03,+61.501257355E-03
-4.200000E-06,-43.203517096E-03,+59.993719682E-03
-4.195000E-06,-44.711054768E-03,+60.496232239E-03
-4.190000E-06,-46.721104998E-03,+58.486182010E-03
-4.185000E-06,-45.716079884E-03,+58.988694567E-03
-4.180000E-06,-44.711054768E-03,+62.506282469E-03
-4.175000E-06,-43.203517096E-03,+62.003769912E-03
-4.170000E-06,-46.721104998E-03,+65.018845257E-03
-4.165000E-06,-52.248743130E-03,+61.501257355E-03
-4.160000E-06,-45.213567326E-03,+60.496232239E-03
-4.155000E-06,-48.731155228E-03,+59.993719682E-03
-4.150000E-06,-43.203517096E-03,+58.486182010E-03
-4.145000E-06,-48.228642671E-03,+59.993719682E-03
-4.140000E-06,-44.711054768E-03,+57.983669452E-03
-4.135000E-06,-50.238692900E-03,+58.988694567E-03
-4.130000E-06,-48.731155228E-03,+65.521357814E-03
-4.125000E-06,-49.233667785E-03,+59.993719682E-03
-4.120000E-06,-50.741205458E-03,+59.993719682E-03
-4.115000E-06,-50.741205458E-03,+62.003769912E-03
-4.110000E-06,-52.751255687E-03,+61.501257355E-03
-4.105000E-06,-50.238692900E-03,+58.486182010E-03
-4.100000E-06,-53.756280802E-03,+60.496232239E-03
-4.095000E-06,-50.238692900E-03,+62.003769912E-03
-4.090000E-06,-52.751255687E-03,+60.998744797E-03
-4.085000E-06,-52.248743130E-03,+63.511307584E-03
-4.080000E-06,-51.243718015E-03,+63.511307584E-03
-4.075000E-06,-53.253768245E-03,+64.013820142E-03
-4.070000E-06,-52.751255687E-03,+62.003769912E-03
-4.065000E-06,-52.751255687E-03,+64.013820142E-03
-4.060000E-06,-55.263818474E-03,+65.521357814E-03
-4.055000E-06,-51.243718015E-03,+67.028895486E-03
-4.050000E-06,-52.248743130E-03,+63.511307584E-03
-4.045000E-06,-50.741205458E-03,+65.521357814E-03
-4.040000E-06,-53.756280802E-03,+66.526382929E-03
-4.035000E-06,-54.761305917E-03,+64.516332699E-03
-4.030000E-06,-56.771356147E-03,+64.013820142E-03
-4.025000E-06,-54.761305917E-03,+64.516332699E-03
-4.020000E-06,-52.751255687E-03,+64.516332699E-03
-4.015000E-06,-54.258793360E-03,+65.521357814E-03
-4.010000E-06,-54.761305917E-03,+65.521357814E-03
-4.005000E-06,-56.771356147E-03,+62.003769912E-03
-4.000000E-06,-55.263818474E-03,+65.521357814E-03
-3.995000E-06,-56.268843589E-03,+62.506282469E-03
-3.990000E-06,-58.278893819E-03,+68.033920601E-03
-3.985000E-06,-56.771356147E-03,+64.516332699E-03
-3.980000E-06,-58.781406377E-03,+63.511307584E-03
-3.975000E-06,-56.771356147E-03,+64.013820142E-03
-3.970000E-06,-58.781406377E-03,+67.531408044E-03
-3.965000E-06,-53.253768245E-03,+65.018845256E-03
-3.960000E-06,-62.801506836E-03,+64.516332699E-03
-3.955000E-06,-56.771356147E-03,+64.516332699E-03
-3.950000E-06,-59.283918934E-03,+64.013820142E-03
-3.945000E-06,-56.771356147E-03,+67.531408044E-03
-3.940000E-06,-60.288944049E-03,+65.521357814E-03
-3.935000E-06,-60.288944049E-03,+67.531408044E-03
-3.930000E-06,-62.801506836E-03,+66.023870371E-03
-3.925000E-06,-61.293969164E-03,+69.541458273E-03
-3.920000E-06,-60.791456606E-03,+64.013820142E-03
-3.915000E-06,-61.293969164E-03,+66.023870371E-03
-3.910000E-06,-61.293969164E-03,+66.526382929E-03
-3.905000E-06,-64.811557066E-03,+66.526382929E-03
-3.900000E-06,-62.298994279E-03,+65.521357814E-03
-3.895000E-06,-63.304019393E-03,+66.526382929E-03
-3.890000E-06,-65.314069623E-03,+69.541458273E-03
-3.885000E-06,-62.801506836E-03,+69.541458273E-03
-3.880000E-06,-68.831657525E-03,+65.521357814E-03
-3.875000E-06,-62.298994279E-03,+70.546483388E-03
-3.870000E-06,-66.821607295E-03,+64.013820142E-03
-3.865000E-06,-60.791456606E-03,+70.043970831E-03
-3.860000E-06,-65.816582180E-03,+67.028895486E-03
-3.855000E-06,-63.304019393E-03,+67.531408044E-03
-3.850000E-06,-66.821607295E-03,+65.521357814E-03
-3.845000E-06,-62.801506836E-03,+71.551508503E-03
-3.840000E-06,-64.309044508E-03,+62.506282469E-03
-3.835000E-06,-66.821607295E-03,+66.526382929E-03
-3.830000E-06,-62.298994279E-03,+62.506282469E-03
-3.825000E-06,-64.811557066E-03,+64.516332699E-03
-3.820000E-06,-58.781406377E-03,+70.043970831E-03
-3.815000E-06,-61.796481721E-03,+63.511307584E-03
-3.810000E-06,-60.791456606E-03,+65.521357814E-03
-3.805000E-06,-64.811557066E-03,+64.013820142E-03
-3.800000E-06,-64.309044508E-03,+68.033920601E-03
-3.795000E-06,-64.811557066E-03,+66.023870371E-03
-3.790000E-06,-60.288944049E-03,+68.033920601E-03
-3.785000E-06,-62.801506836E-03,+66.526382929E-03
-3.780000E-06,-64.309044508E-03,+69.541458273E-03
-3.775000E-06,-58.781406377E-03,+66.023870371E-03
-3.770000E-06,-63.304019393E-03,+67.531408044E-03
-3.765000E-06,-66.821607295E-03,+68.033920601E-03
-3.760000E-06,-63.304019393E-03,+67.531408044E-03
-3.755000E-06,-65.816582181E-03,+65.018845256E-03
-3.750000E-06,-64.811557066E-03,+66.023870371E-03
-3.745000E-06,-64.811557066E-03,+67.531408044E-03
-3.740000E-06,-63.304019393E-03,+64.013820142E-03
-3.735000E-06,-64.811557066E-03,+65.521357814E-03
-3.730000E-06,-64.309044508E-03,+69.541458273E-03
-3.725000E-06,-66.821607295E-03,+68.033920601E-03
-3.720000E-06,-70.339195198E-03,+66.023870371E-03
-3.715000E-06,-69.334170082E-03,+64.516332699E-03
-3.710000E-06,-68.329144968E-03,+64.013820142E-03
-3.705000E-06,-69.334170082E-03,+66.526382929E-03
-3.700000E-06,-66.821607295E-03,+66.023870371E-03
-3.695000E-06,-72.349245427E-03,+66.023870371E-03
-3.690000E-06,-68.831657525E-03,+66.023870371E-03
-3.685000E-06,-70.339195198E-03,+69.038945716E-03
-3.680000E-06,-68.329144968E-03,+66.023870371E-03
-3.675000E-06,-72.851757985E-03,+64.013820142E-03
-3.670000E-06,-68.831657525E-03,+66.526382929E-03
-3.665000E-06,-70.841707755E-03,+64.516332699E-03
-3.660000E-06,-72.349245427E-03,+70.043970831E-03
-3.655000E-06,-74.359295657E-03,+60.496232239E-03
-3.650000E-06,-71.344220312E-03,+66.023870371E-03
-3.645000E-06,-72.851757985E-03,+69.541458273E-03
-3.640000E-06,-70.841707755E-03,+64.013820142E-03
-3.635000E-06,-72.851757985E-03,+64.013820142E-03
-3.630000E-06,-70.841707755E-03,+68.033920601E-03
-3.625000E-06,-70.841707755E-03,+64.516332699E-03
-3.620000E-06,-72.851757985E-03,+66.023870371E-03
-3.615000E-06,-74.359295657E-03,+64.516332699E-03
-3.610000E-06,-70.339195198E-03,+65.018845257E-03
-3.605000E-06,-71.846732870E-03,+66.023870371E-03
-3.600000E-06,-70.841707755E-03,+62.003769912E-03
-3.595000E-06,-70.339195198E-03,+66.526382929E-03
-3.590000E-06,-72.851757985E-03,+64.516332699E-03
-3.585000E-06,-64.811557066E-03,+68.536433158E-03
-3.580000E-06,-70.339195198E-03,+58.486182010E-03
-3.575000E-06,-66.821607295E-03,+68.033920601E-03
-3.570000E-06,-72.349245427E-03,+61.501257355E-03
-3.565000E-06,-68.831657525E-03,+67.028895486E-03
-3.560000E-06,-66.319094738E-03,+63.511307584E-03
-3.555000E-06,-66.821607295E-03,+66.023870371E-03
-3.550000E-06,-70.841707755E-03,+62.506282469E-03
-3.545000E-06,-64.309044508E-03,+65.521357814E-03
-3.540000E-06,-72.349245427E-03,+60.998744797E-03
-3.535000E-06,-68.831657525E-03,+67.531408044E-03
-3.530000E-06,-70.339195198E-03,+61.501257355E-03
-3.525000E-06,-68.831657525E-03,+67.028895486E-03
-3.520000E-06,-68.831657525E-03,+60.496232239E-03
-3.515000E-06,-72.851757985E-03,+63.511307584E-03
-3.510000E-06,-68.329144968E-03,+61.501257355E-03
-3.505000E-06,-73.354270542E-03,+58.486182010E-03
-3.500000E-06,-69.334170082E-03,+62.003769912E-03
-3.495000E-06,-72.349245427E-03,+59.491207125E-03
-3.490000E-06,-75.364320772E-03,+66.023870371E-03
-3.485000E-06,-73.856783100E-03,+62.003769912E-03
-3.480000E-06,-68.831657525E-03,+63.511307584E-03
-3.475000E-06,-74.359295657E-03,+62.506282469E-03
-3.470000E-06,-72.349245427E-03,+59.491207125E-03
-3.465000E-06,-72.349245427E-03,+62.003769912E-03
-3.460000E-06,-74.359295657E-03,+58.486182010E-03
-3.455000E-06,-69.334170082E-03,+59.993719682E-03
-3.450000E-06,-72.349245427E-03,+61.501257355E-03
-3.445000E-06,-70.841707755E-03,+63.511307584E-03
-3.440000E-06,-70.841707755E-03,+59.993719682E-03
-3.435000E-06,-69.334170082E-03,+62.003769912E-03
-3.430000E-06,-72.349245427E-03,+61.501257355E-03
-3.425000E-06,-71.846732870E-03,+58.486182010E-03
-3.420000E-06,-70.841707755E-03,+56.476131780E-03
-3.415000E-06,-70.339195198E-03,+57.983669452E-03
-3.410000E-06,-68.831657525E-03,+61.501257355E-03
-3.405000E-06,-70.339195198E-03,+57.481156895E-03
-3.400000E-06,-68.831657525E-03,+59.491207125E-03
-3.395000E-06,-66.821607295E-03,+58.486182010E-03
-3.390000E-06,-70.339195198E-03,+57.983669452E-03
-3.385000E-06,-68.329144968E-03,+55.973619223E-03
-3.380000E-06,-70.841707755E-03,+57.481156895E-03
-3.375000E-06,-68.831657525E-03,+57.481156895E-03
-3.370000E-06,-66.319094738E-03,+57.481156895E-03
-3.365000E-06,-66.821607295E-03,+56.978644338E-03
-3.360000E-06,-68.329144968E-03,+57.983669452E-03
-3.355000E-06,-66.821607295E-03,+55.973619223E-03
-3.350000E-06,-70.339195198E-03,+51.953518763E-03
-3.345000E-06,-70.339195198E-03,+52.958543878E-03
-3.340000E-06,-70.841707755E-03,+55.973619223E-03
-3.335000E-06,-70.339195198E-03,+55.973619223E-03
-3.330000E-06,-68.329144968E-03,+55.973619223E-03
-3.325000E-06,-68.831657525E-03,+55.973619223E-03
-3.320000E-06,-68.831657525E-03,+53.963568993E-03
-3.315000E-06,-68.831657525E-03,+55.973619223E-03
-3.310000E-06,-70.841707755E-03,+52.456031320E-03
-3.305000E-06,-66.821607295E-03,+52.456031320E-03
-3.300000E-06,-67.324119853E-03,+53.461056436E-03
-3.295000E-06,-68.329144968E-03,+56.978644338E-03
-3.290000E-06,-66.821607295E-03,+50.948493649E-03
-3.285000E-06,-68.329144968E-03,+51.953518763E-03
-3.280000E-06,-72.349245427E-03,+52.456031320E-03
-3.275000E-06,-68.831657525E-03,+52.456031320E-03
-3.270000E-06,-66.821607295E-03,+51.953518763E-03
-3.265000E-06,-68.831657525E-03,+50.948493648E-03
-3.260000E-06,-72.349245427E-03,+51.451006206E-03
-3.255000E-06,-68.831657525E-03,+49.440955976E-03
-3.250000E-06,-70.339195198E-03,+51.451006206E-03
-3.245000E-06,-66.821607295E-03,+49.943468533E-03
-3.240000E-06,-71.344220312E-03,+52.456031320E-03
-3.235000E-06,-68.831657525E-03,+50.445981091E-03
-3.230000E-06,-69.836682640E-03,+50.445981091E-03
-3.225000E-06,-70.339195198E-03,+49.943468533E-03
-3.220000E-06,-66.821607295E-03,+49.440955976E-03
-3.215000E-06,-69.334170082E-03,+51.451006206E-03
-3.210000E-06,-72.349245427E-03,+50.948493649E-03
-3.205000E-06,-68.831657525E-03,+47.933418304E-03
-3.200000E-06,-69.334170082E-03,+49.943468533E-03
-3.195000E-06,-65.314069623E-03,+50.445981091E-03
-3.190000E-06,-68.831657525E-03,+48.435930861E-03
-3.185000E-06,-65.816582180E-03,+46.425880631E-03
-3.180000E-06,-68.329144968E-03,+47.933418304E-03
-3.175000E-06,-70.339195198E-03,+47.933418304E-03
-3.170000E-06,-68.831657525E-03,+45.923368074E-03
-3.165000E-06,-65.314069623E-03,+46.425880631E-03
-3.160000E-06,-66.821607295E-03,+45.420855517E-03
-3.155000E-06,-64.309044508E-03,+48.435930861E-03
-3.150000E-06,-66.319094738E-03,+43.913317844E-03
-3.145000E-06,-66.821607295E-03,+45.923368074E-03
-3.140000E-06,-68.831657525E-03,+48.938443419E-03
-3.135000E-06,-66.319094738E-03,+40.395729942E-03
-3.130000E-06,-68.329144968E-03,+44.918342959E-03
-3.125000E-06,-65.314069623E-03,+41.903267615E-03
-3.120000E-06,-64.811557066E-03,+43.913317844E-03
-3.115000E-06,-63.304019393E-03,+44.415830402E-03
-3.110000E-06,-62.801506836E-03,+45.923368074E-03
-3.105000E-06,-61.293969164E-03,+42.405780172E-03
-3.100000E-06,-61.293969164E-03,+45.923368074E-03
-3.095000E-06,-62.801506836E-03,+42.405780172E-03
-3.090000E-06,-60.791456606E-03,+41.400755057E-03
-3.085000E-06,-57.273868704E-03,+41.400755057E-03
-3.080000E-06,-59.283918934E-03,+43.410805287E-03
-3.075000E-06,-61.293969164E-03,+41.903267615E-03
-3.070000E-06,-56.771356147E-03,+41.903267615E-03
-3.065000E-06,-60.791456606E-03,+38.385679712E-03
-3.060000E-06,-60.288944049E-03,+36.878142040E-03
-3.055000E-06,-55.766331032E-03,+36.878142040E-03
-3.050000E-06,-60.288944049E-03,+41.400755057E-03
-3.045000E-06,-58.781406377E-03,+41.400755057E-03
-3.040000E-06,-60.791456606E-03,+36.375629483E-03
-3.035000E-06,-58.781406377E-03,+35.873116925E-03
-3.030000E-06,-60.288944049E-03,+37.883167155E-03
-3.025000E-06,-58.278893819E-03,+34.868091810E-03
-3.020000E-06,-59.283918934E-03,+34.365579253E-03
-3.015000E-06,-59.283918934E-03,+37.380654598E-03
-3.010000E-06,-58.781406377E-03,+36.878142041E-03
-3.005000E-06,-58.781406377E-03,+36.375629483E-03
-3.000000E-06,-58.278893819E-03,+35.873116925E-03
-2.995000E-06,-60.791456606E-03,+36.375629483E-03
-2.990000E-06,-62.298994279E-03,+35.370604368E-03
-2.985000E-06,-58.781406377E-03,+31.853016466E-03
-2.980000E-06,-57.273868704E-03,+33.863066696E-03
-2.975000E-06,-60.791456606E-03,+35.873116925E-03
-2.970000E-06,-57.776381262E-03,+33.863066696E-03
-2.965000E-06,-58.781406377E-03,+33.863066696E-03
-2.960000E-06,-59.283918934E-03,+31.853016466E-03
-2.955000E-06,-56.268843590E-03,+33.863066696E-03
-2.950000E-06,-60.288944049E-03,+33.863066696E-03
-2.945000E-06,-58.781406377E-03,+29.842966236E-03
-2.940000E-06,-55.263818474E-03,+30.345478793E-03
-2.935000E-06,-54.761305917E-03,+29.842966236E-03
-2.930000E-06,-56.268843590E-03,+27.330403449E-03
-2.925000E-06,-54.761305917E-03,+33.360554138E-03
-2.920000E-06,-53.756280802E-03,+31.350503909E-03
-2.915000E-06,-54.258793360E-03,+28.335428564E-03
-2.910000E-06,-48.228642671E-03,+24.315328104E-03
-2.905000E-06,-54.258793360E-03,+29.842966236E-03
-2.900000E-06,-56.268843590E-03,+25.822865777E-03
-2.895000E-06,-51.243718015E-03,+31.350503909E-03
-2.890000E-06,-56.268843590E-03,+25.822865777E-03
-2.885000E-06,-50.741205458E-03,+27.330403449E-03
-2.880000E-06,-50.741205458E-03,+26.325378334E-03
-2.875000E-06,-50.741205458E-03,+26.325378334E-03
-2.870000E-06,-46.721104998E-03,+23.812815547E-03
-2.865000E-06,-48.731155228E-03,+27.330403449E-03
-2.860000E-06,-50.238692900E-03,+25.320353219E-03
-2.855000E-06,-54.258793360E-03,+22.305277875E-03
-2.850000E-06,-50.741205458E-03,+25.320353219E-03
-2.845000E-06,-48.228642671E-03,+24.315328104E-03
-2.840000E-06,-48.731155228E-03,+25.822865777E-03
-2.835000E-06,-50.741205458E-03,+23.812815547E-03
-2.830000E-06,-50.741205458E-03,+20.295227645E-03
-2.825000E-06,-51.243718015E-03,+19.792715088E-03
-2.820000E-06,-50.741205458E-03,+24.315328104E-03
-2.815000E-06,-54.258793360E-03,+19.792715088E-03
-2.810000E-06,-50.238692900E-03,+21.802765317E-03
-2.805000E-06,-48.731155228E-03,+19.792715088E-03
-2.800000E-06,-49.233667785E-03,+21.802765317E-03
-2.795000E-06,-52.248743130E-03,+21.300252760E-03
-2.790000E-06,-48.731155228E-03,+17.280152301E-03
-2.785000E-06,-49.736180343E-03,+17.782664858E-03
-2.780000E-06,-48.731155228E-03,+19.290202530E-03
-2.775000E-06,-50.238692900E-03,+16.275127185E-03
-2.770000E-06,-50.238692900E-03,+19.792715088E-03
-2.765000E-06,-48.731155228E-03,+15.270102071E-03
-2.760000E-06,-44.208542211E-03,+21.802765317E-03
-2.755000E-06,-46.721104998E-03,+18.285177415E-03
-2.750000E-06,-44.711054768E-03,+13.762564398E-03
-2.745000E-06,-48.228642671E-03,+15.270102071E-03
-2.740000E-06,-44.711054768E-03,+16.777639743E-03
-2.735000E-06,-42.701004539E-03,+11.752514169E-03
-2.730000E-06,-46.218592441E-03,+15.270102071E-03
-2.725000E-06,-40.690954309E-03,+16.777639743E-03
-2.720000E-06,-40.690954309E-03,+15.270102071E-03
-2.715000E-06,-40.690954309E-03,+12.757539283E-03
-2.710000E-06,-42.701004539E-03,+13.260051841E-03
-2.705000E-06,-40.188441752E-03,+10.244976496E-03
-2.700000E-06,-38.178391522E-03,+11.250001611E-03
-2.695000E-06,-38.680904079E-03,+11.752514169E-03
-2.690000E-06,-38.680904079E-03,+9.239951382E-03
-2.685000E-06,-35.163316177E-03,+11.752514169E-03
-2.680000E-06,-40.690954309E-03,+9.742463939E-03
-2.675000E-06,-40.188441752E-03,+11.752514169E-03
-2.670000E-06,-36.168341292E-03,+10.244976496E-03
-2.665000E-06,-36.168341292E-03,+9.742463939E-03
-2.660000E-06,-36.670853850E-03,+9.742463939E-03
-2.655000E-06,-38.680904079E-03,+9.239951382E-03
-2.650000E-06,-36.670853850E-03,+9.239951382E-03
-2.645000E-06,-37.173366407E-03,+7.732413709E-03
-2.640000E-06,-37.173366407E-03,+5.722363479E-03
-2.635000E-06,-37.675878965E-03,+7.732413709E-03
-2.630000E-06,-35.163316177E-03,+5.722363479E-03
-2.625000E-06,-36.670853850E-03,+5.722363479E-03
-2.620000E-06,-33.153265947E-03,+5.219850922E-03
-2.615000E-06,-37.173366407E-03,+7.229901152E-03
-2.610000E-06,-30.640703160E-03,+3.712313250E-03
-2.605000E-06,-32.650753390E-03,+3.209800692E-03
-2.600000E-06,-33.153265947E-03,+5.722363479E-03
-2.595000E-06,-31.143215718E-03,+3.209800692E-03
-2.590000E-06,-28.630652931E-03,+3.712313250E-03
-2.585000E-06,-30.640703160E-03,-307.787210E-06
-2.580000E-06,-28.630652931E-03,+1.702263020E-03
-2.575000E-06,-27.123115258E-03,+1.702263020E-03
-2.570000E-06,-30.138190603E-03,-2.317837439E-03
-2.565000E-06,-28.630652931E-03,+1.702263020E-03
-2.560000E-06,-27.123115258E-03,+1.702263020E-03
-2.555000E-06,-30.138190603E-03,-3.825375112E-03
-2.550000E-06,-31.645728276E-03,+3.712313250E-03
-2.545000E-06,-28.128140373E-03,-4.327887669E-03
-2.540000E-06,-26.620602701E-03,-307.787210E-06
-2.535000E-06,-26.118090144E-03,-3.825375112E-03
-2.530000E-06,-28.128140373E-03,-1.312812324E-03
-2.525000E-06,-22.097989684E-03,-4.327887669E-03
-2.520000E-06,-28.630652931E-03,-2.317837439E-03
-2.515000E-06,-22.600502241E-03,-307.787210E-06
-2.510000E-06,-28.630652931E-03,-7.845475571E-03
-2.505000E-06,-24.610552471E-03,-307.787210E-06
-2.500000E-06,-26.118090144E-03,-7.845475571E-03
-2.495000E-06,-21.092964569E-03,-3.825375112E-03
-2.490000E-06,-29.635678046E-03,-10.860550916E-03
-2.485000E-06,-20.590452012E-03,-307.787210E-06
-2.480000E-06,-23.605527356E-03,-8.347988129E-03
-2.475000E-06,-22.600502241E-03,-307.787210E-06
-2.470000E-06,-21.092964569E-03,-9.353013244E-03
-2.465000E-06,-22.600502241E-03,-5.835425342E-03
-2.460000E-06,-18.580401782E-03,-10.860550916E-03
-2.455000E-06,-26.620602701E-03,-6.337937899E-03
-2.450000E-06,-22.600502241E-03,-10.358038358E-03
-2.445000E-06,-19.082914339E-03,-10.358038358E-03
-2.440000E-06,-20.087939454E-03,-8.850500686E-03
-2.435000E-06,-24.610552471E-03,-8.850500686E-03
-2.430000E-06,-17.072864109E-03,-7.845475571E-03
-2.425000E-06,-22.600502241E-03,-14.378138818E-03
-2.420000E-06,-14.057788765E-03,-10.358038358E-03
-2.415000E-06,-21.092964569E-03,-12.368088588E-03
-2.410000E-06,-22.097989684E-03,-11.363063473E-03
-2.405000E-06,-18.077889225E-03,-12.870601145E-03
-2.400000E-06,-16.570351552E-03,-12.870601145E-03
-2.395000E-06,-17.072864109E-03,-12.368088588E-03
-2.390000E-06,-18.580401782E-03,-16.388189048E-03
-2.385000E-06,-16.067838995E-03,-13.875626261E-03
-2.380000E-06,-17.072864109E-03,-14.378138818E-03
-2.375000E-06,-15.062813880E-03,-16.388189048E-03
-2.370000E-06,-16.067838995E-03,-14.378138818E-03
-2.365000E-06,-15.565326438E-03,-15.885676490E-03
-2.360000E-06,-14.560301322E-03,-14.880651375E-03
-2.355000E-06,-12.550251093E-03,-16.388189048E-03
-2.350000E-06,-13.555276208E-03,-13.875626261E-03
-2.345000E-06,-10.540200863E-03,-17.895726720E-03
-2.340000E-06,-10.540200863E-03,-18.398239277E-03
-2.335000E-06,-12.550251093E-03,-20.408289507E-03
-2.330000E-06,-12.550251093E-03,-18.398239277E-03
-2.325000E-06,-10.540200863E-03,-18.900751835E-03
-2.320000E-06,-8.027638076E-03,-18.398239277E-03
-2.315000E-06,-6.017587846E-03,-18.398239277E-03
-2.310000E-06,-8.027638076E-03,-20.408289507E-03
-2.305000E-06,-4.007537617E-03,-20.408289507E-03
-2.300000E-06,-7.022612961E-03,-19.905776950E-03
-2.295000E-06,-4.007537617E-03,-21.413314622E-03
-2.290000E-06,-1.997487387E-03,-19.403264392E-03
-2.285000E-06,-8.027638076E-03,-22.920852294E-03
-2.280000E-06,-1.997487387E-03,-19.905776950E-03
-2.275000E-06,-5.012562731E-03,-25.935927639E-03
-2.270000E-06,-3.002512501E-03,-20.408289507E-03
-2.265000E-06,-1.997487387E-03,-27.443465311E-03
-2.260000E-06,-2.499999944E-03,-22.920852294E-03
-2.255000E-06,-489.949714E-06,-22.920852294E-03
-2.250000E-06,-6.520100404E-03,-22.920852294E-03
-2.245000E-06,-3.002512501E-03,-24.930902524E-03
-2.240000E-06,-489.949714E-06,-22.920852294E-03
-2.235000E-06,-1.997487387E-03,-26.438440196E-03
-2.230000E-06,-6.017587846E-03,-25.935927639E-03
-2.225000E-06,-3.505025059E-03,-29.453515541E-03
-2.220000E-06,-3.002512501E-03,-24.930902524E-03
-2.215000E-06,-1.997487387E-03,-24.428389966E-03
-2.210000E-06,-2.499999944E-03,-29.956028098E-03
-2.205000E-06,+2.022613073E-03,-27.945977869E-03
-2.200000E-06,-2.499999944E-03,-27.443465311E-03
-2.195000E-06,-2.499999944E-03,-28.448490426E-03
-2.190000E-06,-489.949714E-06,-28.448490426E-03
-2.185000E-06,+1.520100515E-03,-24.930902524E-03
-2.180000E-06,-1.997487387E-03,-34.478641115E-03
-2.175000E-06,-3.002512501E-03,-28.951002983E-03
-2.170000E-06,+4.032663302E-03,-32.971103443E-03
-2.165000E-06,+1.520100515E-03,-27.443465311E-03
-2.160000E-06,+4.032663302E-03,-30.458540656E-03
-2.155000E-06,+2.022613073E-03,-32.468590885E-03
-2.150000E-06,+5.037688418E-03,-32.468590885E-03
-2.145000E-06,+9.057788877E-03,-34.478641115E-03
-2.140000E-06,+3.530150745E-03,-29.453515540E-03
-2.135000E-06,+4.032663302E-03,-34.478641115E-03
-2.130000E-06,+6.042713532E-03,-32.468590885E-03
-2.125000E-06,+8.555276319E-03,-32.468590885E-03
-2.120000E-06,+8.052763762E-03,-36.488691345E-03
-2.115000E-06,+13.077889336E-03,-32.468590885E-03
-2.110000E-06,+9.057788877E-03,-36.488691345E-03
-2.105000E-06,+11.570351664E-03,-34.478641115E-03
-2.100000E-06,+9.560301434E-03,-38.498741575E-03
-2.095000E-06,+12.072864221E-03,-34.478641115E-03
-2.090000E-06,+13.077889336E-03,-37.493716459E-03
-2.085000E-06,+13.077889336E-03,-30.961053213E-03
-2.080000E-06,+13.580401894E-03,-38.498741575E-03
-2.075000E-06,+17.600502353E-03,-35.986178788E-03
-2.070000E-06,+16.092964681E-03,-36.488691345E-03
-2.065000E-06,+15.590452123E-03,-39.001254132E-03
-2.060000E-06,+17.600502353E-03,-39.001254132E-03
-2.055000E-06,+19.610552583E-03,-36.488691345E-03
-2.050000E-06,+17.600502353E-03,-41.011304362E-03
-2.045000E-06,+18.605527468E-03,-34.981153672E-03
-2.040000E-06,+13.580401894E-03,-37.493716459E-03
-2.035000E-06,+18.103014910E-03,-44.026379707E-03
-2.030000E-06,+15.590452123E-03,-41.011304362E-03
-2.025000E-06,+19.610552583E-03,-41.011304362E-03
-2.020000E-06,+16.092964681E-03,-40.508791804E-03
-2.015000E-06,+15.590452123E-03,-40.006279247E-03
-2.010000E-06,+15.087939566E-03,-39.001254132E-03
-2.005000E-06,+15.590452123E-03,-41.011304362E-03
-2.000000E-06,+19.108040026E-03,-44.026379707E-03
-1.995000E-06,+19.610552583E-03,-42.518842034E-03
-1.990000E-06,+19.108040026E-03,-46.036429936E-03
-1.985000E-06,+19.610552583E-03,-41.011304362E-03
-1.980000E-06,+16.092964681E-03,-44.528892264E-03
-1.975000E-06,+18.103014910E-03,-42.518842034E-03
-1.970000E-06,+19.610552583E-03,-41.513816919E-03
-1.965000E-06,+17.600502353E-03,-43.021354591E-03
-1.960000E-06,+23.630653042E-03,-42.518842034E-03
-1.955000E-06,+23.128140485E-03,-46.538942493E-03
-1.950000E-06,+23.128140485E-03,-44.528892264E-03
-1.945000E-06,+25.640703272E-03,-44.528892264E-03
-1.940000E-06,+23.630653042E-03,-43.021354591E-03
-1.935000E-06,+25.138190715E-03,-46.538942493E-03
-1.930000E-06,+24.133165600E-03,-46.538942493E-03
-1.925000E-06,+22.625627928E-03,-45.533917378E-03
-1.920000E-06,+27.650753502E-03,-46.036429936E-03
-1.915000E-06,+25.640703272E-03,-46.036429936E-03
-1.910000E-06,+23.630653042E-03,-50.559042953E-03
-1.905000E-06,+27.650753502E-03,-48.548992723E-03
-1.900000E-06,+23.630653042E-03,-52.066580625E-03
-1.895000E-06,+29.660803732E-03,-48.548992723E-03
-1.890000E-06,+26.143215829E-03,-49.051505280E-03
-1.885000E-06,+28.153266059E-03,-48.548992723E-03
-1.880000E-06,+31.670853961E-03,-48.046480166E-03
-1.875000E-06,+29.158291173E-03,-46.538942493E-03
-1.870000E-06,+29.158291174E-03,-49.554017839E-03
-1.865000E-06,+28.153266059E-03,-48.548992723E-03
-1.860000E-06,+31.670853961E-03,-50.559042953E-03
-1.855000E-06,+30.163316289E-03,-49.051505280E-03
-1.850000E-06,+29.660803732E-03,-46.538942493E-03
-1.845000E-06,+26.143215829E-03,-51.061555510E-03
-1.840000E-06,+29.660803732E-03,-50.559042953E-03
-1.835000E-06,+31.670853961E-03,-52.066580625E-03
-1.830000E-06,+30.163316289E-03,-51.564068068E-03
-1.825000E-06,+29.660803732E-03,-51.564068068E-03
-1.820000E-06,+32.173366518E-03,-49.051505280E-03
-1.815000E-06,+31.670853961E-03,-52.569093183E-03
-1.810000E-06,+32.173366518E-03,-53.574118297E-03
-1.805000E-06,+32.173366518E-03,-54.076630855E-03
-1.800000E-06,+35.188441863E-03,-51.061555510E-03
-1.795000E-06,+35.188441863E-03,-57.091706199E-03
-1.790000E-06,+31.670853961E-03,-55.584168528E-03
-1.785000E-06,+29.660803732E-03,-52.569093183E-03
-1.780000E-06,+37.701004650E-03,-54.579143412E-03
-1.775000E-06,+35.188441864E-03,-58.599243872E-03
-1.770000E-06,+34.183416748E-03,-55.081655970E-03
-1.765000E-06,+38.203517208E-03,-56.589193642E-03
-1.760000E-06,+35.690954421E-03,-53.071605740E-03
-1.755000E-06,+36.193466978E-03,-58.096731315E-03
-1.750000E-06,+41.721105110E-03,-57.091706199E-03
-1.745000E-06,+43.228642782E-03,-56.589193642E-03
-1.740000E-06,+40.213567437E-03,-56.589193642E-03
-1.735000E-06,+43.731155340E-03,-55.081655970E-03
-1.730000E-06,+41.721105110E-03,-56.086681084E-03
-1.725000E-06,+43.731155340E-03,-60.106781544E-03
-1.720000E-06,+41.218592553E-03,-58.096731315E-03
-1.715000E-06,+43.731155340E-03,-56.086681085E-03
-1.710000E-06,+42.223617667E-03,-57.091706199E-03
-1.705000E-06,+40.213567437E-03,-58.599243872E-03
-1.700000E-06,+43.731155340E-03,-56.589193642E-03
-1.695000E-06,+42.223617667E-03,-59.101756429E-03
-1.690000E-06,+40.716079995E-03,-53.071605740E-03
-1.685000E-06,+43.731155340E-03,-60.609294102E-03
-1.680000E-06,+43.731155340E-03,-58.096731315E-03
-1.675000E-06,+43.731155340E-03,-58.599243872E-03
-1.670000E-06,+47.248743242E-03,-58.599243872E-03
-1.665000E-06,+40.213567437E-03,-58.599243872E-03
-1.660000E-06,+43.228642782E-03,-59.101756429E-03
-1.655000E-06,+39.711054880E-03,-62.116831774E-03
-1.650000E-06,+42.223617667E-03,-60.609294102E-03
-1.645000E-06,+37.701004650E-03,-62.116831774E-03
-1.640000E-06,+43.731155340E-03,-60.609294102E-03
-1.635000E-06,+45.741205569E-03,-60.106781544E-03
-1.630000E-06,+45.238693012E-03,-62.116831774E-03
-1.625000E-06,+43.731155340E-03,-62.116831774E-03
-1.620000E-06,+47.751255799E-03,-59.101756429E-03
-1.615000E-06,+41.721105110E-03,-61.614319216E-03
-1.610000E-06,+41.721105110E-03,-61.111806659E-03
-1.605000E-06,+44.233667897E-03,-58.599243872E-03
-1.600000E-06,+46.243718127E-03,-63.624369447E-03
-1.595000E-06,+47.248743242E-03,-63.121856889E-03
-1.590000E-06,+51.771356259E-03,-60.609294102E-03
-1.585000E-06,+48.253768356E-03,-60.609294102E-03
-1.580000E-06,+49.258793472E-03,-60.609294102E-03
-1.575000E-06,+53.278893931E-03,-63.121856889E-03
-1.570000E-06,+50.263818586E-03,-61.111806659E-03
-1.565000E-06,+54.283919045E-03,-62.116831774E-03
-1.560000E-06,+55.791456718E-03,-59.101756429E-03
-1.555000E-06,+50.766331143E-03,-63.121856889E-03
-1.550000E-06,+57.801506948E-03,-58.599243872E-03
-1.545000E-06,+52.273868816E-03,-68.649495021E-03
-1.540000E-06,+59.309044620E-03,-62.619344331E-03
-1.535000E-06,+59.811557177E-03,-64.126882004E-03
-1.530000E-06,+55.791456718E-03,-59.101756429E-03
-1.525000E-06,+58.304019505E-03,-63.121856889E-03
-1.520000E-06,+55.288944161E-03,-65.131907118E-03
-1.515000E-06,+61.319094850E-03,-60.609294102E-03
-1.510000E-06,+57.298994391E-03,-66.136932234E-03
-1.505000E-06,+60.314069735E-03,-61.614319217E-03
-1.500000E-06,+55.791456718E-03,-68.649495021E-03
-1.495000E-06,+62.324119964E-03,-62.116831774E-03
-1.490000E-06,+53.781406488E-03,-65.634419675E-03
-1.485000E-06,+61.319094850E-03,-60.609294102E-03
-1.480000E-06,+53.781406488E-03,-67.141957348E-03
-1.475000E-06,+57.801506948E-03,-60.609294102E-03
-1.470000E-06,+56.796481833E-03,-70.157032693E-03
-1.465000E-06,+52.273868816E-03,-62.116831774E-03
-1.460000E-06,+55.288944161E-03,-66.639444791E-03
-1.455000E-06,+53.781406488E-03,-65.131907118E-03
-1.450000E-06,+54.283919045E-03,-70.157032693E-03
-1.445000E-06,+54.283919045E-03,-63.624369446E-03
-1.440000E-06,+57.298994391E-03,-62.116831774E-03
-1.435000E-06,+53.781406488E-03,-64.629394561E-03
-1.430000E-06,+57.801506948E-03,-68.146982463E-03
-1.425000E-06,+52.776381373E-03,-70.157032693E-03
-1.420000E-06,+58.304019505E-03,-65.131907118E-03
-1.415000E-06,+54.283919045E-03,-68.649495021E-03
-1.410000E-06,+57.801506948E-03,-63.121856889E-03
-1.405000E-06,+52.273868816E-03,-65.131907118E-03
-1.400000E-06,+57.298994391E-03,-66.639444791E-03
-1.395000E-06,+56.293969275E-03,-64.629394561E-03
-1.390000E-06,+53.781406488E-03,-64.629394561E-03
-1.385000E-06,+55.791456718E-03,-64.629394561E-03
-1.380000E-06,+60.314069735E-03,-65.131907118E-03
-1.375000E-06,+55.791456718E-03,-64.629394561E-03
-1.370000E-06,+58.304019505E-03,-63.624369446E-03
-1.365000E-06,+57.801506948E-03,-66.639444791E-03
-1.360000E-06,+55.791456718E-03,-65.131907118E-03
-1.355000E-06,+58.304019505E-03,-66.136932234E-03
-1.350000E-06,+61.319094850E-03,-67.141957348E-03
-1.345000E-06,+57.801506948E-03,-66.639444791E-03
-1.340000E-06,+58.304019505E-03,-64.629394561E-03
-1.335000E-06,+61.821607407E-03,-66.639444791E-03
-1.330000E-06,+63.329145080E-03,-64.126882004E-03
-1.325000E-06,+60.816582292E-03,-66.639444791E-03
-1.320000E-06,+65.841707867E-03,-66.136932234E-03
-1.315000E-06,+63.831657637E-03,-66.639444791E-03
-1.310000E-06,+59.811557177E-03,-65.131907118E-03
-1.305000E-06,+63.329145080E-03,-64.629394561E-03
-1.300000E-06,+61.821607407E-03,-66.639444791E-03
-1.295000E-06,+67.851758096E-03,-65.131907118E-03
-1.290000E-06,+64.334170194E-03,-62.619344331E-03
-1.285000E-06,+63.329145080E-03,-69.152007578E-03
-1.280000E-06,+67.851758096E-03,-65.131907118E-03
-1.275000E-06,+58.304019505E-03,-68.649495021E-03
-1.270000E-06,+63.831657637E-03,-66.136932234E-03
-1.265000E-06,+64.334170194E-03,-67.644469905E-03
-1.260000E-06,+63.329145080E-03,-63.624369446E-03
-1.255000E-06,+63.831657637E-03,-66.639444791E-03
-1.250000E-06,+65.841707867E-03,-63.121856889E-03
-1.245000E-06,+69.359295769E-03,-63.121856889E-03
-1.240000E-06,+67.851758096E-03,-64.629394561E-03
-1.235000E-06,+69.359295769E-03,-64.629394561E-03
-1.230000E-06,+63.831657637E-03,-62.116831774E-03
-1.225000E-06,+65.841707867E-03,-64.126882004E-03
-1.220000E-06,+67.851758096E-03,-66.639444791E-03
-1.215000E-06,+61.821607407E-03,-61.111806659E-03
-1.210000E-06,+67.349245539E-03,-66.639444791E-03
-1.205000E-06,+65.841707867E-03,-65.131907118E-03
-1.200000E-06,+61.821607407E-03,-65.634419675E-03
-1.195000E-06,+69.359295769E-03,-65.131907118E-03
-1.190000E-06,+63.831657637E-03,-64.629394561E-03
-1.185000E-06,+66.344220424E-03,-66.639444791E-03
-1.180000E-06,+68.354270654E-03,-65.131907118E-03
-1.175000E-06,+69.861808326E-03,-63.121856889E-03
-1.170000E-06,+64.836682751E-03,-65.131907118E-03
-1.165000E-06,+67.349245539E-03,-65.131907118E-03
-1.160000E-06,+67.851758096E-03,-64.629394561E-03
-1.155000E-06,+67.349245539E-03,-66.136932234E-03
-1.150000E-06,+69.359295769E-03,-66.136932234E-03
-1.145000E-06,+68.354270654E-03,-64.126882004E-03
-1.140000E-06,+67.349245539E-03,-66.639444791E-03
-1.135000E-06,+66.344220424E-03,-64.629394561E-03
-1.130000E-06,+68.354270654E-03,-63.624369446E-03
-1.125000E-06,+69.359295769E-03,-66.639444791E-03
-1.120000E-06,+65.841707867E-03,-66.639444791E-03
-1.115000E-06,+67.851758096E-03,-63.121856889E-03
-1.110000E-06,+65.841707867E-03,-66.136932234E-03
-1.105000E-06,+67.851758096E-03,-64.126882004E-03
-1.100000E-06,+68.354270654E-03,-61.111806659E-03
-1.095000E-06,+69.861808326E-03,-65.131907118E-03
-1.090000E-06,+67.851758096E-03,-62.619344331E-03
-1.085000E-06,+69.861808326E-03,-65.131907118E-03
-1.080000E-06,+65.841707867E-03,-62.619344331E-03
-1.075000E-06,+67.851758096E-03,-60.106781544E-03
-1.070000E-06,+67.349245539E-03,-60.609294102E-03
-1.065000E-06,+65.841707867E-03,-62.116831774E-03
-1.060000E-06,+63.329145080E-03,-63.121856889E-03
-1.055000E-06,+67.851758096E-03,-62.619344331E-03
-1.050000E-06,+66.344220424E-03,-62.619344331E-03
-1.045000E-06,+65.841707867E-03,-60.609294102E-03
-1.040000E-06,+63.831657637E-03,-62.619344331E-03
-1.035000E-06,+65.339195309E-03,-64.126882004E-03
-1.030000E-06,+69.861808326E-03,-61.614319217E-03
-1.025000E-06,+66.344220424E-03,-62.619344331E-03
-1.020000E-06,+64.836682751E-03,-61.111806659E-03
-1.015000E-06,+69.861808326E-03,-59.604268986E-03
-1.010000E-06,+67.851758096E-03,-63.121856889E-03
-1.005000E-06,+65.841707867E-03,-60.609294102E-03
-1.000000E-06,+67.851758096E-03,-64.629394561E-03
-995.000E-09,+66.344220424E-03,-59.101756429E-03
-990.000E-09,+63.831657637E-03,-62.116831774E-03
-985.000E-09,+68.354270654E-03,-57.091706199E-03
-980.000E-09,+69.359295769E-03,-58.599243872E-03
-975.000E-09,+67.349245539E-03,-59.101756429E-03
-970.000E-09,+66.344220424E-03,-62.116831774E-03
-965.000E-09,+67.349245539E-03,-58.599243872E-03
-960.000E-09,+64.334170194E-03,-58.599243872E-03
-955.000E-09,+67.349245539E-03,-60.609294102E-03
-950.000E-09,+65.841707867E-03,-58.599243872E-03
-945.000E-09,+63.831657637E-03,-64.126882004E-03
-940.000E-09,+69.359295769E-03,-56.086681085E-03
-935.000E-09,+60.314069735E-03,-60.609294102E-03
-930.000E-09,+66.846732982E-03,-58.096731315E-03
-925.000E-09,+64.334170194E-03,-62.619344331E-03
-920.000E-09,+65.841707867E-03,-58.599243872E-03
-915.000E-09,+67.851758096E-03,-56.589193642E-03
-910.000E-09,+63.831657637E-03,-60.609294102E-03
-905.000E-09,+69.861808326E-03,-58.096731315E-03
-900.000E-09,+64.334170194E-03,-59.101756429E-03
-895.000E-09,+71.871858556E-03,-54.579143412E-03
-890.000E-09,+61.821607407E-03,-57.594218756E-03
-885.000E-09,+66.846732981E-03,-52.569093183E-03
-880.000E-09,+63.831657637E-03,-60.609294102E-03
-875.000E-09,+67.851758096E-03,-50.559042953E-03
-870.000E-09,+67.851758096E-03,-59.604268986E-03
-865.000E-09,+65.841707867E-03,-56.086681085E-03
-860.000E-09,+67.349245539E-03,-58.599243872E-03
-855.000E-09,+69.359295769E-03,-53.071605740E-03
-850.000E-09,+65.841707867E-03,-58.096731315E-03
-845.000E-09,+65.841707867E-03,-51.564068067E-03
-840.000E-09,+65.841707867E-03,-56.086681085E-03
-835.000E-09,+63.831657637E-03,-52.066580626E-03
-830.000E-09,+67.349245539E-03,-58.096731315E-03
-825.000E-09,+62.324119964E-03,-52.569093183E-03
-820.000E-09,+65.841707867E-03,-53.071605740E-03
-815.000E-09,+63.831657637E-03,-56.086681085E-03
-810.000E-09,+65.841707867E-03,-53.574118297E-03
-805.000E-09,+62.826632522E-03,-52.569093183E-03
-800.000E-09,+65.841707867E-03,-51.061555510E-03
-795.000E-09,+62.826632522E-03,-53.071605741E-03
-790.000E-09,+63.831657637E-03,-50.559042953E-03
-785.000E-09,+65.841707867E-03,-56.086681085E-03
-780.000E-09,+65.841707867E-03,-53.071605740E-03
-775.000E-09,+64.334170194E-03,-53.071605740E-03
-770.000E-09,+64.334170194E-03,-49.051505280E-03
-765.000E-09,+65.841707867E-03,-49.051505280E-03
-760.000E-09,+67.349245539E-03,-51.061555510E-03
-755.000E-09,+63.329145080E-03,-50.559042953E-03
-750.000E-09,+62.324119964E-03,-48.548992723E-03
-745.000E-09,+63.831657637E-03,-50.559042953E-03
-740.000E-09,+59.811557177E-03,-47.543967608E-03
-735.000E-09,+59.811557177E-03,-48.046480166E-03
-730.000E-09,+64.836682751E-03,-49.051505280E-03
-725.000E-09,+65.841707867E-03,-47.041455051E-03
-720.000E-09,+65.339195309E-03,-46.036429936E-03
-715.000E-09,+64.836682751E-03,-49.554017839E-03
-710.000E-09,+63.329145080E-03,-48.548992723E-03
-705.000E-09,+65.841707867E-03,-48.046480166E-03
-700.000E-09,+63.329145080E-03,-47.041455051E-03
-695.000E-09,+63.329145080E-03,-45.031404821E-03
-690.000E-09,+62.324119964E-03,-41.513816919E-03
-685.000E-09,+61.821607407E-03,-47.543967608E-03
-680.000E-09,+64.334170194E-03,-41.011304361E-03
-675.000E-09,+61.821607407E-03,-50.559042953E-03
-670.000E-09,+65.339195309E-03,-42.016329477E-03
-665.000E-09,+60.314069735E-03,-50.056530396E-03
-660.000E-09,+67.349245539E-03,-43.021354591E-03
-655.000E-09,+58.806532062E-03,-44.528892264E-03
-650.000E-09,+61.319094850E-03,-39.001254132E-03
-645.000E-09,+63.831657637E-03,-47.041455051E-03
-640.000E-09,+63.831657637E-03,-42.518842034E-03
-635.000E-09,+61.319094850E-03,-42.016329477E-03
-630.000E-09,+55.791456718E-03,-42.016329477E-03
-625.000E-09,+62.324119964E-03,-46.036429936E-03
-620.000E-09,+59.309044620E-03,-44.026379706E-03
-615.000E-09,+58.304019505E-03,-42.016329477E-03
-610.000E-09,+57.801506948E-03,-45.031404821E-03
-605.000E-09,+55.791456718E-03,-40.508791804E-03
-600.000E-09,+59.309044620E-03,-41.011304361E-03
-595.000E-09,+59.811557177E-03,-41.011304361E-03
-590.000E-09,+57.298994391E-03,-42.518842034E-03
-585.000E-09,+54.283919045E-03,-41.011304361E-03
-580.000E-09,+56.293969275E-03,-43.021354591E-03
-575.000E-09,+55.288944161E-03,-40.508791804E-03
-570.000E-09,+53.781406488E-03,-41.011304361E-03
-565.000E-09,+58.304019505E-03,-39.001254132E-03
-560.000E-09,+57.298994391E-03,-40.006279247E-03
-555.000E-09,+53.781406488E-03,-34.478641115E-03
-550.000E-09,+53.781406488E-03,-33.976128558E-03
-545.000E-09,+55.791456718E-03,-38.498741575E-03
-540.000E-09,+57.298994391E-03,-41.011304361E-03
-535.000E-09,+51.771356259E-03,-34.981153672E-03
-530.000E-09,+52.273868816E-03,-38.498741575E-03
-525.000E-09,+52.776381373E-03,-35.483666229E-03
-520.000E-09,+51.771356259E-03,-34.478641115E-03
-515.000E-09,+55.791456718E-03,-31.966078328E-03
-510.000E-09,+49.761306029E-03,-36.991203902E-03
-505.000E-09,+54.283919045E-03,-37.996229017E-03
-500.000E-09,+49.761306029E-03,-32.971103443E-03
-495.000E-09,+53.278893931E-03,-34.478641115E-03
-490.000E-09,+49.761306029E-03,-34.981153672E-03
-485.000E-09,+53.278893931E-03,-32.971103443E-03
-480.000E-09,+53.278893931E-03,-32.468590885E-03
-475.000E-09,+47.751255799E-03,-34.478641115E-03
-470.000E-09,+55.288944161E-03,-33.976128558E-03
-465.000E-09,+48.253768356E-03,-33.976128558E-03
-460.000E-09,+53.278893931E-03,-33.976128558E-03
-455.000E-09,+49.761306029E-03,-32.468590885E-03
-450.000E-09,+51.771356259E-03,-30.961053213E-03
-445.000E-09,+51.268843701E-03,-32.468590885E-03
-440.000E-09,+51.771356259E-03,-27.945977869E-03
-435.000E-09,+51.268843701E-03,-29.956028099E-03
-430.000E-09,+49.761306029E-03,-30.458540656E-03
-425.000E-09,+47.751255799E-03,-29.956028099E-03
-420.000E-09,+48.253768356E-03,-28.448490426E-03
-415.000E-09,+47.751255799E-03,-28.448490426E-03
-410.000E-09,+49.761306029E-03,-28.951002983E-03
-405.000E-09,+50.263818586E-03,-28.951002983E-03
-400.000E-09,+47.751255799E-03,-28.448490426E-03
-395.000E-09,+51.771356259E-03,-24.428389966E-03
-390.000E-09,+44.233667897E-03,-29.453515541E-03
-385.000E-09,+47.751255799E-03,-27.945977869E-03
-380.000E-09,+49.258793472E-03,-27.945977869E-03
-375.000E-09,+45.238693012E-03,-24.930902524E-03
-370.000E-09,+46.243718127E-03,-25.433415081E-03
-365.000E-09,+46.243718127E-03,-23.423364851E-03
-360.000E-09,+42.223617667E-03,-22.418339737E-03
-355.000E-09,+45.741205569E-03,-21.915827180E-03
-350.000E-09,+47.751255799E-03,-24.428389966E-03
-345.000E-09,+42.223617667E-03,-26.438440196E-03
-340.000E-09,+40.213567437E-03,-23.423364851E-03
-335.000E-09,+41.721105110E-03,-21.915827180E-03
-330.000E-09,+38.203517208E-03,-22.920852294E-03
-325.000E-09,+41.721105110E-03,-24.428389966E-03
-320.000E-09,+41.721105110E-03,-18.900751834E-03
-315.000E-09,+43.228642782E-03,-19.905776950E-03
-310.000E-09,+41.218592553E-03,-20.408289507E-03
-305.000E-09,+42.223617667E-03,-23.925877409E-03
-300.000E-09,+41.218592553E-03,-20.910802064E-03
-295.000E-09,+38.706029765E-03,-21.915827180E-03
-290.000E-09,+41.721105110E-03,-18.398239277E-03
-285.000E-09,+39.711054880E-03,-18.398239277E-03
-280.000E-09,+37.701004650E-03,-16.388189048E-03
-275.000E-09,+37.701004650E-03,-17.895726720E-03
-270.000E-09,+37.198492093E-03,-19.403264393E-03
-265.000E-09,+37.701004650E-03,-16.388189048E-03
-260.000E-09,+40.716079995E-03,-18.900751834E-03
-255.000E-09,+38.203517208E-03,-16.388189048E-03
-250.000E-09,+36.193466978E-03,-12.870601145E-03
-245.000E-09,+40.213567437E-03,-13.373113702E-03
-240.000E-09,+41.721105110E-03,-16.890701605E-03
-235.000E-09,+38.203517208E-03,-13.875626261E-03
-230.000E-09,+39.208542323E-03,-16.388189048E-03
-225.000E-09,+38.203517208E-03,-16.388189048E-03
-220.000E-09,+35.690954421E-03,-12.368088588E-03
-215.000E-09,+37.701004650E-03,-14.378138818E-03
-210.000E-09,+35.690954421E-03,-12.870601145E-03
-205.000E-09,+35.188441864E-03,-13.875626261E-03
-200.000E-09,+33.680904191E-03,-10.860550916E-03
-195.000E-09,+33.680904191E-03,-8.850500686E-03
-190.000E-09,+31.670853961E-03,-12.368088588E-03
-185.000E-09,+37.198492093E-03,-10.358038358E-03
-180.000E-09,+35.690954421E-03,-12.368088588E-03
-175.000E-09,+29.660803732E-03,-8.850500686E-03
-170.000E-09,+30.163316289E-03,-11.865576030E-03
-165.000E-09,+30.163316289E-03,-6.840450456E-03
-160.000E-09,+29.660803732E-03,-8.347988129E-03
-155.000E-09,+31.670853961E-03,-4.327887669E-03
-150.000E-09,+29.158291174E-03,-7.845475571E-03
-145.000E-09,+31.168341404E-03,-7.845475571E-03
-140.000E-09,+27.650753502E-03,-8.347988129E-03
-135.000E-09,+29.158291174E-03,-5.332912784E-03
-130.000E-09,+25.640703272E-03,-7.342963013E-03
-125.000E-09,+23.630653042E-03,-5.835425342E-03
-120.000E-09,+26.143215829E-03,-4.830400226E-03
-115.000E-09,+27.148240945E-03,-3.825375112E-03
-110.000E-09,+21.620602813E-03,-8.850500686E-03
-105.000E-09,+23.630653042E-03,-5.835425342E-03
-100.000E-09,+25.640703272E-03,-2.317837439E-03
-95.000E-09,+22.123115370E-03,-2.317837439E-03
-90.000E-09,+24.133165600E-03,-810.299767E-06
-85.000E-09,+25.138190715E-03,-307.787210E-06
-80.000E-09,+24.635678157E-03,-2.820349997E-03
-75.000E-09,+25.138190715E-03,-3.825375112E-03
-70.000E-09,+19.610552583E-03,-1.312812325E-03
-65.000E-09,+22.123115370E-03,-1.815324882E-03
-60.000E-09,+25.640703272E-03,-810.299767E-06
-55.000E-09,+23.128140485E-03,-307.787210E-06
-50.000E-09,+22.123115370E-03,+1.702263020E-03
-45.000E-09,+23.630653042E-03,-810.299767E-06
-40.000E-09,+21.620602813E-03,+5.722363479E-03
-35.000E-09,+22.123115370E-03,+2.204775577E-03
-30.000E-09,+21.118090255E-03,+194.725347E-06
-25.000E-09,+18.605527469E-03,-3.322862555E-03
-20.000E-09,+20.615577697E-03,-810.299767E-06
-15.000E-09,+18.103014910E-03,+7.229901152E-03
-10.000E-09,+19.610552583E-03,+7.229901152E-03
-5.000E-09,+19.610552583E-03,+3.712313250E-03
-0.0E+00,+21.118090255E-03,+7.732413709E-03
+5.000E-09,+22.123115370E-03,+5.722363479E-03
+10.000E-09,+18.103014910E-03,+3.712313250E-03
+15.000E-09,+15.590452123E-03,+5.722363479E-03
+20.000E-09,+15.590452123E-03,+6.727388595E-03
+25.000E-09,+17.600502353E-03,+5.722363479E-03
+30.000E-09,+14.585427008E-03,+7.732413709E-03
+35.000E-09,+15.590452123E-03,+7.229901152E-03
+40.000E-09,+17.600502353E-03,+7.732413709E-03
+45.000E-09,+9.560301434E-03,+7.732413709E-03
+50.000E-09,+19.108040026E-03,+14.265076956E-03
+55.000E-09,+11.570351664E-03,+4.717338364E-03
+60.000E-09,+15.590452123E-03,+15.270102071E-03
+65.000E-09,+13.077889337E-03,+4.214825807E-03
+70.000E-09,+14.082914451E-03,+16.777639743E-03
+75.000E-09,+12.575376778E-03,+13.762564398E-03
+80.000E-09,+9.560301434E-03,+10.244976496E-03
+85.000E-09,+14.082914451E-03,+15.270102071E-03
+90.000E-09,+8.052763762E-03,+7.732413709E-03
+95.000E-09,+14.082914451E-03,+15.772614628E-03
+100.000E-09,+9.560301434E-03,+13.762564398E-03
+105.000E-09,+11.570351664E-03,+13.762564398E-03
+110.000E-09,+5.540200975E-03,+9.239951382E-03
+115.000E-09,+10.062813991E-03,+19.792715088E-03
+120.000E-09,+5.540200975E-03,+13.762564398E-03
+125.000E-09,+11.570351664E-03,+18.285177415E-03
+130.000E-09,+4.032663302E-03,+9.742463939E-03
+135.000E-09,+9.560301434E-03,+17.782664858E-03
+140.000E-09,+7.550251205E-03,+15.270102071E-03
+145.000E-09,+5.037688418E-03,+18.787689973E-03
+150.000E-09,+5.540200975E-03,+17.782664858E-03
+155.000E-09,+2.022613073E-03,+20.797740203E-03
+160.000E-09,+7.550251205E-03,+20.295227645E-03
+165.000E-09,+1.520100515E-03,+20.295227645E-03
+170.000E-09,+5.540200975E-03,+17.782664858E-03
+175.000E-09,+12.562843E-06,+15.772614628E-03
+180.000E-09,+3.530150745E-03,+19.792715088E-03
+185.000E-09,+5.540200975E-03,+19.290202530E-03
+190.000E-09,+4.032663302E-03,+21.802765317E-03
+195.000E-09,-489.949714E-06,+20.797740203E-03
+200.000E-09,+3.530150745E-03,+23.812815547E-03
+205.000E-09,+1.520100515E-03,+19.792715088E-03
+210.000E-09,+1.017587958E-03,+21.802765317E-03
+215.000E-09,+2.022613073E-03,+21.802765317E-03
+220.000E-09,+1.520100515E-03,+23.310302990E-03
+225.000E-09,+2.022613073E-03,+23.812815547E-03
+230.000E-09,+12.562843E-06,+23.310302990E-03
+235.000E-09,-489.949714E-06,+25.320353220E-03
+240.000E-09,+1.520100515E-03,+23.812815547E-03
+245.000E-09,+1.520100515E-03,+26.325378334E-03
+250.000E-09,-489.949714E-06,+22.305277874E-03
+255.000E-09,-489.949714E-06,+25.320353220E-03
+260.000E-09,-489.949714E-06,+23.812815547E-03
+265.000E-09,-3.002512501E-03,+26.325378334E-03
+270.000E-09,-992.462272E-06,+26.325378335E-03
+275.000E-09,+1.520100515E-03,+30.847991352E-03
+280.000E-09,-4.007537617E-03,+29.842966236E-03
+285.000E-09,-489.949714E-06,+26.325378334E-03
+290.000E-09,-3.505025058E-03,+27.832916006E-03
+295.000E-09,-4.510050174E-03,+27.832916006E-03
+300.000E-09,-8.530150633E-03,+26.325378334E-03
+305.000E-09,-2.499999944E-03,+29.842966236E-03
+310.000E-09,-4.510050174E-03,+30.847991352E-03
+315.000E-09,-10.540200863E-03,+25.320353220E-03
+320.000E-09,-992.462272E-06,+35.370604368E-03
+325.000E-09,-8.530150633E-03,+26.325378334E-03
+330.000E-09,-7.022612961E-03,+35.873116925E-03
+335.000E-09,-10.540200863E-03,+25.822865777E-03
+340.000E-09,-6.520100404E-03,+34.365579253E-03
+345.000E-09,-11.545225978E-03,+31.853016466E-03
+350.000E-09,-8.530150633E-03,+33.360554138E-03
+355.000E-09,-13.555276208E-03,+33.360554138E-03
+360.000E-09,-10.037688306E-03,+35.873116925E-03
+365.000E-09,-10.540200863E-03,+31.853016466E-03
+370.000E-09,-16.570351552E-03,+32.355529023E-03
+375.000E-09,-10.540200863E-03,+33.863066696E-03
+380.000E-09,-15.062813880E-03,+33.863066696E-03
+385.000E-09,-11.042713420E-03,+38.888192269E-03
+390.000E-09,-16.570351552E-03,+33.360554138E-03
+395.000E-09,-14.560301322E-03,+39.893217385E-03
+400.000E-09,-15.565326438E-03,+35.370604368E-03
+405.000E-09,-12.550251093E-03,+35.873116925E-03
+410.000E-09,-17.575376668E-03,+35.873116925E-03
+415.000E-09,-13.052763650E-03,+33.863066696E-03
+420.000E-09,-16.570351552E-03,+33.360554138E-03
+425.000E-09,-16.570351552E-03,+37.380654598E-03
+430.000E-09,-14.560301322E-03,+38.385679712E-03
+435.000E-09,-18.580401782E-03,+40.395729942E-03
+440.000E-09,-15.062813880E-03,+35.873116925E-03
+445.000E-09,-16.570351552E-03,+38.888192269E-03
+450.000E-09,-20.590452012E-03,+37.380654598E-03
+455.000E-09,-16.067838995E-03,+41.400755057E-03
+460.000E-09,-16.570351552E-03,+40.898242500E-03
+465.000E-09,-17.072864109E-03,+41.400755057E-03
+470.000E-09,-19.585426897E-03,+43.410805287E-03
+475.000E-09,-18.580401782E-03,+43.913317844E-03
+480.000E-09,-23.103014799E-03,+39.893217385E-03
+485.000E-09,-20.590452012E-03,+46.425880631E-03
+490.000E-09,-24.108039914E-03,+43.410805287E-03
+495.000E-09,-22.097989684E-03,+43.913317844E-03
+500.000E-09,-24.610552471E-03,+45.420855517E-03
+505.000E-09,-21.092964569E-03,+45.420855517E-03
+510.000E-09,-24.610552471E-03,+44.918342960E-03
+515.000E-09,-27.123115258E-03,+43.913317844E-03
+520.000E-09,-26.620602701E-03,+45.420855517E-03
+525.000E-09,-26.620602701E-03,+44.415830401E-03
+530.000E-09,-29.133165488E-03,+45.923368074E-03
+535.000E-09,-28.630652931E-03,+43.913317844E-03
+540.000E-09,-26.620602701E-03,+43.913317844E-03
+545.000E-09,-26.118090144E-03,+45.923368074E-03
+550.000E-09,-28.128140373E-03,+45.420855517E-03
+555.000E-09,-28.630652931E-03,+49.440955976E-03
+560.000E-09,-30.640703160E-03,+49.440955976E-03
+565.000E-09,-30.640703160E-03,+47.933418304E-03
+570.000E-09,-26.620602701E-03,+47.430905747E-03
+575.000E-09,-26.620602701E-03,+45.923368074E-03
+580.000E-09,-30.138190603E-03,+49.943468533E-03
+585.000E-09,-28.630652931E-03,+49.943468533E-03
+590.000E-09,-31.645728276E-03,+44.918342960E-03
+595.000E-09,-30.138190603E-03,+49.440955976E-03
+600.000E-09,-27.625627815E-03,+49.943468533E-03
+605.000E-09,-28.630652931E-03,+48.435930861E-03
+610.000E-09,-30.640703160E-03,+49.943468533E-03
+615.000E-09,-28.630652931E-03,+49.943468533E-03
+620.000E-09,-28.128140373E-03,+51.953518763E-03
+625.000E-09,-30.640703160E-03,+49.943468533E-03
+630.000E-09,-34.158291063E-03,+53.461056436E-03
+635.000E-09,-27.123115258E-03,+51.953518763E-03
+640.000E-09,-30.640703160E-03,+53.963568993E-03
+645.000E-09,-34.158291063E-03,+50.948493648E-03
+650.000E-09,-29.133165488E-03,+50.445981091E-03
+655.000E-09,-31.143215717E-03,+50.445981091E-03
+660.000E-09,-30.640703160E-03,+55.471106665E-03
+665.000E-09,-31.143215717E-03,+51.451006206E-03
+670.000E-09,-31.645728276E-03,+54.968594108E-03
+675.000E-09,-30.640703160E-03,+53.461056436E-03
+680.000E-09,-32.650753390E-03,+49.943468533E-03
+685.000E-09,-33.153265947E-03,+58.486182010E-03
+690.000E-09,-32.650753390E-03,+51.953518763E-03
+695.000E-09,-32.650753390E-03,+56.476131780E-03
+700.000E-09,-34.660803620E-03,+53.461056436E-03
+705.000E-09,-38.178391522E-03,+55.973619223E-03
+710.000E-09,-36.168341292E-03,+49.440955976E-03
+715.000E-09,-28.630652931E-03,+57.983669452E-03
+720.000E-09,-36.670853850E-03,+52.456031320E-03
+725.000E-09,-32.650753390E-03,+62.003769912E-03
+730.000E-09,-38.680904079E-03,+50.948493648E-03
+735.000E-09,-38.178391522E-03,+57.983669452E-03
+740.000E-09,-38.178391522E-03,+53.461056436E-03
+745.000E-09,-43.203517096E-03,+57.983669452E-03
+750.000E-09,-36.670853850E-03,+57.983669452E-03
+755.000E-09,-42.701004539E-03,+55.471106665E-03
+760.000E-09,-38.680904079E-03,+56.476131780E-03
+765.000E-09,-47.223617555E-03,+53.963568993E-03
+770.000E-09,-41.193466866E-03,+57.983669452E-03
+775.000E-09,-46.721104998E-03,+55.973619223E-03
+780.000E-09,-44.711054768E-03,+57.983669452E-03
+785.000E-09,-46.218592441E-03,+59.491207125E-03
+790.000E-09,-45.213567326E-03,+59.993719682E-03
+795.000E-09,-48.228642671E-03,+61.501257355E-03
+800.000E-09,-48.731155228E-03,+59.491207125E-03
+805.000E-09,-46.218592441E-03,+63.511307584E-03
+810.000E-09,-46.218592441E-03,+59.993719682E-03
+815.000E-09,-49.233667785E-03,+59.993719682E-03
+820.000E-09,-47.223617555E-03,+56.476131780E-03
+825.000E-09,-46.721104998E-03,+59.993719682E-03
+830.000E-09,-50.238692900E-03,+60.998744798E-03
+835.000E-09,-46.721104998E-03,+59.993719682E-03
+840.000E-09,-48.228642671E-03,+62.003769912E-03
+845.000E-09,-47.223617555E-03,+59.993719682E-03
+850.000E-09,-51.243718015E-03,+59.993719682E-03
+855.000E-09,-48.731155228E-03,+60.496232239E-03
+860.000E-09,-45.213567326E-03,+63.511307584E-03
+865.000E-09,-50.741205458E-03,+60.496232239E-03
+870.000E-09,-46.721104998E-03,+63.008795027E-03
+875.000E-09,-49.233667785E-03,+61.501257355E-03
+880.000E-09,-48.731155228E-03,+62.003769912E-03
+885.000E-09,-48.731155228E-03,+62.003769912E-03
+890.000E-09,-50.741205458E-03,+59.993719682E-03
+895.000E-09,-50.238692900E-03,+62.003769912E-03
+900.000E-09,-50.741205458E-03,+57.481156895E-03
+905.000E-09,-53.253768244E-03,+62.003769912E-03
+910.000E-09,-50.741205458E-03,+64.013820142E-03
+915.000E-09,-56.268843590E-03,+63.008795027E-03
+920.000E-09,-48.731155228E-03,+68.033920601E-03
+925.000E-09,-54.761305917E-03,+57.983669452E-03
+930.000E-09,-51.746230573E-03,+66.526382928E-03
+935.000E-09,-50.741205458E-03,+58.486182010E-03
+940.000E-09,-52.751255687E-03,+63.511307584E-03
+945.000E-09,-52.751255687E-03,+64.013820142E-03
+950.000E-09,-56.268843590E-03,+62.003769912E-03
+955.000E-09,-53.253768244E-03,+64.013820142E-03
+960.000E-09,-61.293969163E-03,+64.013820142E-03
+965.000E-09,-56.771356147E-03,+64.013820142E-03
+970.000E-09,-53.253768244E-03,+64.013820142E-03
+975.000E-09,-54.761305917E-03,+64.516332699E-03
+980.000E-09,-60.791456606E-03,+63.511307584E-03
+985.000E-09,-56.268843590E-03,+68.033920601E-03
+990.000E-09,-57.273868704E-03,+63.511307584E-03
+995.000E-09,-55.263818474E-03,+69.541458274E-03
+1.000000E-06,-60.791456606E-03,+63.511307584E-03
+1.005000E-06,-54.761305917E-03,+67.028895486E-03
+1.010000E-06,-61.796481722E-03,+65.521357814E-03
+1.015000E-06,-58.278893819E-03,+68.033920601E-03
+1.020000E-06,-56.771356147E-03,+64.013820142E-03
+1.025000E-06,-57.273868704E-03,+66.526382928E-03
+1.030000E-06,-56.268843590E-03,+69.038945716E-03
+1.035000E-06,-60.791456606E-03,+67.028895487E-03
+1.040000E-06,-58.781406377E-03,+66.023870371E-03
+1.045000E-06,-60.791456606E-03,+60.496232239E-03
+1.050000E-06,-60.288944049E-03,+68.033920601E-03
+1.055000E-06,-60.288944049E-03,+59.993719682E-03
+1.060000E-06,-55.263818474E-03,+67.531408044E-03
+1.065000E-06,-58.781406377E-03,+64.013820142E-03
+1.070000E-06,-60.288944049E-03,+63.511307584E-03
+1.075000E-06,-60.791456606E-03,+68.033920601E-03
+1.080000E-06,-59.283918934E-03,+66.023870371E-03
+1.085000E-06,-57.273868704E-03,+64.013820142E-03
+1.090000E-06,-62.298994279E-03,+62.506282469E-03
+1.095000E-06,-58.278893819E-03,+63.511307584E-03
+1.100000E-06,-62.298994279E-03,+69.038945716E-03
+1.105000E-06,-60.791456606E-03,+68.033920601E-03
+1.110000E-06,-60.791456606E-03,+64.013820142E-03
+1.115000E-06,-61.293969163E-03,+70.043970831E-03
+1.120000E-06,-58.781406377E-03,+68.033920601E-03
+1.125000E-06,-62.801506836E-03,+66.526382928E-03
+1.130000E-06,-60.791456606E-03,+66.526382928E-03
+1.135000E-06,-64.811557066E-03,+62.003769912E-03
+1.140000E-06,-62.801506836E-03,+67.531408044E-03
+1.145000E-06,-63.304019393E-03,+67.531408044E-03
+1.150000E-06,-65.816582181E-03,+65.521357814E-03
+1.155000E-06,-60.791456606E-03,+67.531408044E-03
+1.160000E-06,-67.324119853E-03,+67.531408044E-03
+1.165000E-06,-66.319094738E-03,+66.526382928E-03
+1.170000E-06,-62.801506836E-03,+70.546483388E-03
+1.175000E-06,-64.811557066E-03,+66.023870371E-03
+1.180000E-06,-66.821607295E-03,+67.531408044E-03
+1.185000E-06,-62.298994279E-03,+65.521357814E-03
+1.190000E-06,-62.801506836E-03,+67.531408044E-03
+1.195000E-06,-62.801506836E-03,+65.521357814E-03
+1.200000E-06,-62.801506836E-03,+69.541458274E-03
+1.205000E-06,-63.806531950E-03,+66.526382928E-03
+1.210000E-06,-64.811557066E-03,+68.033920601E-03
+1.215000E-06,-64.309044509E-03,+70.546483388E-03
+1.220000E-06,-68.329144968E-03,+70.043970831E-03
+1.225000E-06,-66.821607295E-03,+69.038945716E-03
+1.230000E-06,-66.319094738E-03,+65.521357814E-03
+1.235000E-06,-65.314069623E-03,+64.013820142E-03
+1.240000E-06,-67.324119853E-03,+65.521357814E-03
+1.245000E-06,-63.304019393E-03,+67.028895486E-03
+1.250000E-06,-70.841707755E-03,+70.043970831E-03
+1.255000E-06,-68.329144968E-03,+69.541458274E-03
+1.260000E-06,-67.324119853E-03,+67.531408044E-03
+1.265000E-06,-70.339195198E-03,+68.536433158E-03
+1.270000E-06,-68.329144968E-03,+69.038945716E-03
+1.275000E-06,-68.831657525E-03,+65.521357814E-03
+1.280000E-06,-69.334170082E-03,+68.033920601E-03
+1.285000E-06,-69.334170082E-03,+66.023870371E-03
+1.290000E-06,-67.826632410E-03,+64.516332699E-03
+1.295000E-06,-68.329144968E-03,+68.033920601E-03
+1.300000E-06,-69.836682639E-03,+67.531408044E-03
+1.305000E-06,-68.831657525E-03,+67.531408044E-03
+1.310000E-06,-72.349245427E-03,+63.511307584E-03
+1.315000E-06,-69.334170082E-03,+67.531408044E-03
+1.320000E-06,-66.319094738E-03,+66.023870371E-03
+1.325000E-06,-68.831657525E-03,+65.018845256E-03
+1.330000E-06,-68.329144968E-03,+66.526382928E-03
+1.335000E-06,-70.841707755E-03,+62.506282469E-03
+1.340000E-06,-68.831657525E-03,+65.521357814E-03
+1.345000E-06,-71.846732870E-03,+67.531408044E-03
+1.350000E-06,-68.329144968E-03,+69.541458274E-03
+1.355000E-06,-68.831657525E-03,+69.038945716E-03
+1.360000E-06,-71.846732869E-03,+66.023870371E-03
+1.365000E-06,-68.831657525E-03,+64.013820142E-03
+1.370000E-06,-70.339195198E-03,+64.013820142E-03
+1.375000E-06,-68.831657525E-03,+66.023870371E-03
+1.380000E-06,-72.349245427E-03,+65.521357814E-03
+1.385000E-06,-72.851757985E-03,+67.531408044E-03
+1.390000E-06,-70.841707755E-03,+65.521357814E-03
+1.395000E-06,-68.831657525E-03,+62.003769912E-03
+1.400000E-06,-70.339195198E-03,+64.013820142E-03
+1.405000E-06,-68.831657525E-03,+69.038945716E-03
+1.410000E-06,-68.831657525E-03,+65.521357814E-03
+1.415000E-06,-70.339195198E-03,+65.521357814E-03
+1.420000E-06,-70.841707755E-03,+63.511307584E-03
+1.425000E-06,-68.831657525E-03,+64.013820142E-03
+1.430000E-06,-70.339195198E-03,+59.993719682E-03
+1.435000E-06,-70.841707755E-03,+66.023870371E-03
+1.440000E-06,-68.831657525E-03,+62.003769912E-03
+1.445000E-06,-70.339195198E-03,+61.501257355E-03
+1.450000E-06,-70.841707755E-03,+65.521357814E-03
+1.455000E-06,-70.339195198E-03,+62.003769912E-03
+1.460000E-06,-70.841707755E-03,+64.013820142E-03
+1.465000E-06,-70.841707755E-03,+61.501257355E-03
+1.470000E-06,-72.851757985E-03,+65.521357814E-03
+1.475000E-06,-72.851757985E-03,+63.008795027E-03
+1.480000E-06,-68.329144968E-03,+64.013820142E-03
+1.485000E-06,-70.841707755E-03,+64.013820142E-03
+1.490000E-06,-68.831657525E-03,+64.013820142E-03
+1.495000E-06,-71.846732870E-03,+59.993719682E-03
+1.500000E-06,-68.329144968E-03,+62.003769912E-03
+1.505000E-06,-72.349245427E-03,+62.003769912E-03
+1.510000E-06,-70.841707755E-03,+61.501257355E-03
+1.515000E-06,-68.329144968E-03,+64.013820142E-03
+1.520000E-06,-70.841707755E-03,+63.511307584E-03
+1.525000E-06,-67.324119853E-03,+60.496232239E-03
+1.530000E-06,-70.841707755E-03,+58.486182009E-03
+1.535000E-06,-66.821607295E-03,+57.983669452E-03
+1.540000E-06,-68.831657525E-03,+57.983669452E-03
+1.545000E-06,-68.831657525E-03,+61.501257355E-03
+1.550000E-06,-70.339195198E-03,+60.998744798E-03
+1.555000E-06,-68.831657525E-03,+62.003769912E-03
+1.560000E-06,-66.821607295E-03,+61.501257355E-03
+1.565000E-06,-68.831657525E-03,+60.496232239E-03
+1.570000E-06,-66.821607295E-03,+59.993719682E-03
+1.575000E-06,-66.821607295E-03,+58.486182009E-03
+1.580000E-06,-65.314069623E-03,+57.481156895E-03
+1.585000E-06,-68.831657525E-03,+59.491207125E-03
+1.590000E-06,-68.831657525E-03,+59.491207125E-03
+1.595000E-06,-68.831657525E-03,+59.993719682E-03
+1.600000E-06,-70.339195198E-03,+57.983669452E-03
+1.605000E-06,-68.831657525E-03,+60.998744798E-03
+1.610000E-06,-70.841707755E-03,+57.983669452E-03
+1.615000E-06,-72.851757985E-03,+58.486182009E-03
+1.620000E-06,-67.324119853E-03,+57.983669452E-03
+1.625000E-06,-72.349245427E-03,+55.973619223E-03
+1.630000E-06,-74.359295657E-03,+57.481156895E-03
+1.635000E-06,-68.329144968E-03,+57.481156895E-03
+1.640000E-06,-68.831657525E-03,+56.476131780E-03
+1.645000E-06,-72.851757985E-03,+52.456031320E-03
+1.650000E-06,-70.841707755E-03,+55.973619223E-03
+1.655000E-06,-72.349245427E-03,+50.445981091E-03
+1.660000E-06,-72.851757985E-03,+58.486182011E-03
+1.665000E-06,-70.841707755E-03,+53.461056436E-03
+1.670000E-06,-74.861808214E-03,+59.491207125E-03
+1.675000E-06,-68.831657525E-03,+51.953518763E-03
+1.680000E-06,-72.851757985E-03,+53.461056436E-03
+1.685000E-06,-68.831657525E-03,+55.471106664E-03
+1.690000E-06,-74.359295657E-03,+49.943468533E-03
+1.695000E-06,-68.329144968E-03,+55.973619223E-03
+1.700000E-06,-70.841707755E-03,+51.953518763E-03
+1.705000E-06,-64.811557066E-03,+54.466081550E-03
+1.710000E-06,-74.861808214E-03,+47.933418304E-03
+1.715000E-06,-69.334170082E-03,+56.476131780E-03
+1.720000E-06,-68.831657525E-03,+51.451006206E-03
+1.725000E-06,-68.831657525E-03,+55.471106666E-03
+1.730000E-06,-68.329144968E-03,+46.425880631E-03
+1.735000E-06,-68.831657525E-03,+54.466081550E-03
+1.740000E-06,-66.821607295E-03,+49.440955976E-03
+1.745000E-06,-68.831657525E-03,+55.973619223E-03
+1.750000E-06,-68.329144968E-03,+51.953518763E-03
+1.755000E-06,-66.821607295E-03,+51.451006206E-03
+1.760000E-06,-66.821607295E-03,+51.451006206E-03
+1.765000E-06,-70.339195198E-03,+49.943468533E-03
+1.770000E-06,-66.821607295E-03,+50.445981091E-03
+1.775000E-06,-65.314069623E-03,+46.425880631E-03
+1.780000E-06,-68.831657525E-03,+49.943468533E-03
+1.785000E-06,-68.831657525E-03,+49.943468533E-03
+1.790000E-06,-68.329144968E-03,+49.440955976E-03
+1.795000E-06,-66.821607295E-03,+47.933418304E-03
+1.800000E-06,-66.319094738E-03,+49.943468533E-03
+1.805000E-06,-68.329144968E-03,+45.923368074E-03
+1.810000E-06,-64.811557066E-03,+47.933418304E-03
+1.815000E-06,-64.309044509E-03,+48.435930861E-03
+1.820000E-06,-63.304019393E-03,+47.430905747E-03
+1.825000E-06,-64.309044509E-03,+51.953518763E-03
+1.830000E-06,-64.309044509E-03,+45.923368074E-03
+1.835000E-06,-62.801506836E-03,+45.420855517E-03
+1.840000E-06,-66.821607295E-03,+43.913317844E-03
+1.845000E-06,-63.806531951E-03,+46.425880631E-03
+1.850000E-06,-60.791456606E-03,+44.415830401E-03
+1.855000E-06,-64.309044509E-03,+47.933418304E-03
+1.860000E-06,-60.791456606E-03,+47.430905747E-03
+1.865000E-06,-63.304019393E-03,+45.923368074E-03
+1.870000E-06,-64.811557066E-03,+43.410805287E-03
+1.875000E-06,-63.304019393E-03,+41.400755057E-03
+1.880000E-06,-60.791456606E-03,+47.933418304E-03
+1.885000E-06,-59.283918934E-03,+47.933418304E-03
+1.890000E-06,-62.801506836E-03,+41.400755057E-03
+1.895000E-06,-62.801506836E-03,+39.893217385E-03
+1.900000E-06,-64.309044509E-03,+38.385679712E-03
+1.905000E-06,-58.278893819E-03,+42.908292730E-03
+1.910000E-06,-60.288944049E-03,+43.410805287E-03
+1.915000E-06,-63.304019393E-03,+37.883167155E-03
+1.920000E-06,-58.781406377E-03,+45.923368074E-03
+1.925000E-06,-66.821607295E-03,+37.380654598E-03
+1.930000E-06,-60.288944049E-03,+42.405780172E-03
+1.935000E-06,-62.801506836E-03,+36.375629482E-03
+1.940000E-06,-65.314069623E-03,+41.400755057E-03
+1.945000E-06,-64.811557066E-03,+37.380654598E-03
+1.950000E-06,-64.309044509E-03,+43.410805287E-03
+1.955000E-06,-64.811557066E-03,+37.883167155E-03
+1.960000E-06,-65.314069623E-03,+39.390704828E-03
+1.965000E-06,-64.309044509E-03,+37.883167155E-03
+1.970000E-06,-65.314069623E-03,+39.893217385E-03
+1.975000E-06,-60.791456606E-03,+34.868091810E-03
+1.980000E-06,-66.821607295E-03,+35.873116925E-03
+1.985000E-06,-65.816582181E-03,+37.883167155E-03
+1.990000E-06,-62.298994279E-03,+36.878142041E-03
+1.995000E-06,-61.293969163E-03,+37.380654598E-03
+2.000000E-06,-64.309044509E-03,+34.868091811E-03
+2.005000E-06,-60.791456606E-03,+37.380654598E-03
+2.010000E-06,-64.309044509E-03,+32.355529023E-03
+2.015000E-06,-60.288944049E-03,+33.863066696E-03
+2.020000E-06,-59.283918934E-03,+31.853016466E-03
+2.025000E-06,-59.283918934E-03,+35.873116925E-03
+2.030000E-06,-58.278893819E-03,+33.863066696E-03
+2.035000E-06,-60.791456606E-03,+35.370604368E-03
+2.040000E-06,-60.288944049E-03,+31.853016466E-03
+2.045000E-06,-56.771356147E-03,+31.853016466E-03
+2.050000E-06,-54.761305917E-03,+32.355529023E-03
+2.055000E-06,-59.283918934E-03,+31.350503909E-03
+2.060000E-06,-54.761305917E-03,+33.863066696E-03
+2.065000E-06,-59.283918934E-03,+29.842966236E-03
+2.070000E-06,-54.258793360E-03,+31.350503909E-03
+2.075000E-06,-54.258793360E-03,+31.853016466E-03
+2.080000E-06,-55.263818474E-03,+29.340453679E-03
+2.085000E-06,-53.253768244E-03,+32.355529023E-03
+2.090000E-06,-52.751255687E-03,+28.335428564E-03
+2.095000E-06,-52.751255687E-03,+26.325378334E-03
+2.100000E-06,-56.771356147E-03,+29.842966236E-03
+2.105000E-06,-54.258793360E-03,+25.822865777E-03
+2.110000E-06,-54.258793360E-03,+27.330403449E-03
+2.115000E-06,-52.751255687E-03,+24.817840662E-03
+2.120000E-06,-50.741205458E-03,+29.340453679E-03
+2.125000E-06,-50.238692900E-03,+26.325378334E-03
+2.130000E-06,-50.741205458E-03,+24.315328104E-03
+2.135000E-06,-48.731155228E-03,+22.305277874E-03
+2.140000E-06,-51.243718015E-03,+25.822865777E-03
+2.145000E-06,-48.731155228E-03,+23.310302990E-03
+2.150000E-06,-52.751255687E-03,+25.320353220E-03
+2.155000E-06,-44.711054768E-03,+21.802765317E-03
+2.160000E-06,-54.258793360E-03,+24.817840661E-03
+2.165000E-06,-48.228642671E-03,+23.812815547E-03
+2.170000E-06,-47.223617555E-03,+22.807790431E-03
+2.175000E-06,-48.228642671E-03,+17.782664858E-03
+2.180000E-06,-47.223617555E-03,+21.300252760E-03
+2.185000E-06,-48.731155228E-03,+21.802765317E-03
+2.190000E-06,-46.721104998E-03,+20.797740203E-03
+2.195000E-06,-48.228642671E-03,+17.280152301E-03
+2.200000E-06,-46.721104998E-03,+23.310302990E-03
+2.205000E-06,-44.711054768E-03,+20.295227645E-03
+2.210000E-06,-47.223617555E-03,+18.285177415E-03
+2.215000E-06,-48.228642671E-03,+17.782664858E-03
+2.220000E-06,-42.198491982E-03,+19.792715088E-03
+2.225000E-06,-46.218592441E-03,+15.772614628E-03
+2.230000E-06,-43.203517096E-03,+18.787689973E-03
+2.235000E-06,-45.213567326E-03,+21.300252760E-03
+2.240000E-06,-43.203517096E-03,+16.777639744E-03
+2.245000E-06,-42.198491982E-03,+18.285177415E-03
+2.250000E-06,-47.223617555E-03,+15.772614628E-03
+2.255000E-06,-42.198491982E-03,+16.275127185E-03
+2.260000E-06,-40.690954309E-03,+13.260051841E-03
+2.265000E-06,-44.711054768E-03,+14.265076955E-03
+2.270000E-06,-42.198491982E-03,+15.270102071E-03
+2.275000E-06,-42.701004539E-03,+14.265076955E-03
+2.280000E-06,-40.690954309E-03,+13.260051841E-03
+2.285000E-06,-46.218592441E-03,+12.255026726E-03
+2.290000E-06,-40.690954309E-03,+13.762564398E-03
+2.295000E-06,-43.203517096E-03,+9.742463939E-03
+2.300000E-06,-42.198491982E-03,+13.260051841E-03
+2.305000E-06,-44.711054768E-03,+9.239951382E-03
+2.310000E-06,-40.188441752E-03,+12.757539284E-03
+2.315000E-06,-38.680904079E-03,+11.752514169E-03
+2.320000E-06,-42.198491982E-03,+12.757539284E-03
+2.325000E-06,-38.680904079E-03,+9.742463939E-03
+2.330000E-06,-42.198491982E-03,+8.737438823E-03
+2.335000E-06,-40.690954309E-03,+10.244976496E-03
+2.340000E-06,-40.690954309E-03,+11.250001612E-03
+2.345000E-06,-40.188441752E-03,+6.727388595E-03
+2.350000E-06,-36.670853850E-03,+9.239951382E-03
+2.355000E-06,-40.188441752E-03,+11.250001612E-03
